-- --------------------------------------------------------
-- Host:                         127.0.0.1
-- Server version:               11.7.2-MariaDB - mariadb.org binary distribution
-- Server OS:                    Win64
-- HeidiSQL Version:             12.10.0.7000
-- --------------------------------------------------------

/*!40101 SET @OLD_CHARACTER_SET_CLIENT=@@CHARACTER_SET_CLIENT */;
/*!40101 SET NAMES utf8 */;
/*!50503 SET NAMES utf8mb4 */;
/*!40103 SET @OLD_TIME_ZONE=@@TIME_ZONE */;
/*!40103 SET TIME_ZONE='+00:00' */;
/*!40014 SET @OLD_FOREIGN_KEY_CHECKS=@@FOREIGN_KEY_CHECKS, FOREIGN_KEY_CHECKS=0 */;
/*!40101 SET @OLD_SQL_MODE=@@SQL_MODE, SQL_MODE='NO_AUTO_VALUE_ON_ZERO' */;
/*!40111 SET @OLD_SQL_NOTES=@@SQL_NOTES, SQL_NOTES=0 */;


-- Dumping database structure for tubes_basisdata_tokorotiyolanda
CREATE DATABASE IF NOT EXISTS `tubes_basisdata_tokorotiyolanda` /*!40100 DEFAULT CHARACTER SET utf8mb4 COLLATE utf8mb4_uca1400_ai_ci */;
USE `tubes_basisdata_tokorotiyolanda`;

-- Dumping structure for table tubes_basisdata_tokorotiyolanda.bahanbaku_resep
CREATE TABLE IF NOT EXISTS `bahanbaku_resep` (
  `ID_Resep` int(11) NOT NULL,
  `ID_BahanBaku` int(11) NOT NULL,
  PRIMARY KEY (`ID_Resep`,`ID_BahanBaku`),
  KEY `ID_BahanBaku` (`ID_BahanBaku`),
  CONSTRAINT `bahanbaku_resep_ibfk_1` FOREIGN KEY (`ID_Resep`) REFERENCES `resep` (`ID_Resep`),
  CONSTRAINT `bahanbaku_resep_ibfk_2` FOREIGN KEY (`ID_BahanBaku`) REFERENCES `bahan_baku` (`ID_BahanBaku`)
) ENGINE=InnoDB DEFAULT CHARSET=utf8mb4 COLLATE=utf8mb4_uca1400_ai_ci;

-- Dumping data for table tubes_basisdata_tokorotiyolanda.bahanbaku_resep: ~100 rows (approximately)
INSERT INTO `bahanbaku_resep` (`ID_Resep`, `ID_BahanBaku`) VALUES
	(44560001, 1110001),
	(44560012, 1110001),
	(44560013, 1110001),
	(44560024, 1110001),
	(44560032, 1110001),
	(44560002, 1110002),
	(44560013, 1110002),
	(44560015, 1110002),
	(44560018, 1110002),
	(44560025, 1110002),
	(44560033, 1110002),
	(44560003, 1110003),
	(44560021, 1110003),
	(44560034, 1110003),
	(44560004, 1110004),
	(44560018, 1110004),
	(44560021, 1110004),
	(44560035, 1110004),
	(44560005, 1110005),
	(44560017, 1110005),
	(44560006, 1110006),
	(44560017, 1110006),
	(44560023, 1110006),
	(44560007, 1110007),
	(44560017, 1110007),
	(44560008, 1110008),
	(44560009, 1110009),
	(44560015, 1110009),
	(44560020, 1110009),
	(44560010, 1110010),
	(44560015, 1110010),
	(44560020, 1110010),
	(44560024, 1110010),
	(44560019, 1110011),
	(44560024, 1110011),
	(44560011, 1110012),
	(44560018, 1110012),
	(44560020, 1110012),
	(44560021, 1110012),
	(44560026, 1110012),
	(44560031, 1110012),
	(44560011, 1110013),
	(44560012, 1110013),
	(44560016, 1110013),
	(44560012, 1110014),
	(44560013, 1110014),
	(44560016, 1110014),
	(44560020, 1110014),
	(44560021, 1110014),
	(44560023, 1110014),
	(44560024, 1110014),
	(44560023, 1110015),
	(44560024, 1110015),
	(44560011, 1110016),
	(44560017, 1110016),
	(44560020, 1110017),
	(44560018, 1110018),
	(44560017, 1110019),
	(44560014, 1110020),
	(44560015, 1110020),
	(44560017, 1110020),
	(44560011, 1110021),
	(44560012, 1110021),
	(44560013, 1110021),
	(44560014, 1110021),
	(44560022, 1110021),
	(44560012, 1110022),
	(44560014, 1110022),
	(44560016, 1110022),
	(44560022, 1110022),
	(44560011, 1110023),
	(44560012, 1110023),
	(44560014, 1110023),
	(44560022, 1110023),
	(44560012, 1110024),
	(44560027, 1110024),
	(44560011, 1110025),
	(44560028, 1110026),
	(44560011, 1110027),
	(44560029, 1110029),
	(44560014, 1110030),
	(44560017, 1110030),
	(44560024, 1110030),
	(44560016, 1110031),
	(44560023, 1110031),
	(44560001, 1110032),
	(44560011, 1110032),
	(44560012, 1110032),
	(44560030, 1110032),
	(44560001, 1110033),
	(44560014, 1110033),
	(44560016, 1110033),
	(44560001, 1110034),
	(44560013, 1110034),
	(44560022, 1110034),
	(44560001, 1110035),
	(44560012, 1110035),
	(44560013, 1110035),
	(44560014, 1110035),
	(44560022, 1110035);

-- Dumping structure for table tubes_basisdata_tokorotiyolanda.bahan_baku
CREATE TABLE IF NOT EXISTS `bahan_baku` (
  `ID_BahanBaku` int(11) NOT NULL,
  `Nama_BahanBaku_First` varchar(50) DEFAULT NULL,
  `Nama_BahanBaku_Last` varchar(50) DEFAULT NULL,
  `Stok_BahanBaku` int(11) DEFAULT NULL,
  PRIMARY KEY (`ID_BahanBaku`)
) ENGINE=InnoDB DEFAULT CHARSET=utf8mb4 COLLATE=utf8mb4_uca1400_ai_ci;

-- Dumping data for table tubes_basisdata_tokorotiyolanda.bahan_baku: ~40 rows (approximately)
INSERT INTO `bahan_baku` (`ID_BahanBaku`, `Nama_BahanBaku_First`, `Nama_BahanBaku_Last`, `Stok_BahanBaku`) VALUES
	(1110001, 'Tepung', 'Terigu', 50),
	(1110002, 'Ragi', 'roti', 45),
	(1110003, 'Air', NULL, 60),
	(1110004, 'Garam', NULL, 47),
	(1110005, 'Gula', 'Pasir', 78),
	(1110006, 'Susu', NULL, 58),
	(1110007, 'Telur', 'Ayam', 90),
	(1110008, 'Mentega', NULL, 75),
	(1110009, 'Baking', 'Powder', 49),
	(1110010, 'Soda', 'Kue', 64),
	(1110011, 'Cokelat', 'Bubuk', 70),
	(1110012, 'Keju', 'Cheddar', 65),
	(1110013, 'Vanili', 'Ekstrak', 55),
	(1110014, 'Pewarna', 'Merah', 30),
	(1110015, 'Pewarna', 'Hijau', 32),
	(1110016, 'Kismis', 'Kuning', 80),
	(1110017, 'Almond', 'Slice', 40),
	(1110018, 'Butter', 'Cream', 50),
	(1110019, 'Minyak', 'Sayur', 100),
	(1110020, 'Pengembang', 'SP', 35),
	(1110021, 'Cokelat', 'Chip', 75),
	(1110022, 'Selai', 'Strawberry', 60),
	(1110023, 'Selai', 'Nanas', 58),
	(1110024, 'Meses', 'Cokelat', 90),
	(1110025, 'Santan', 'Kara', 45),
	(1110026, 'Bubuk', 'Kayu Manis', 33),
	(1110027, 'Jahe', 'Bubuk', 29),
	(1110028, 'Matcha', 'Bubuk', 42),
	(1110029, 'Wijen', 'Putih', 53),
	(1110030, 'Wijen', 'Hitam', 51),
	(1110031, 'Tepung', 'Ketan', 66),
	(1110032, 'Tepung', 'Beras', 63),
	(1110033, 'Tepung', 'Maizena', 77),
	(1110034, 'Pandan', 'Pasta', 48),
	(1110035, 'Strawberry', 'Essence', 41),
	(1110036, 'Lemon', 'Essence', 39),
	(1110037, 'Moka', 'Pasta', 52),
	(1110038, 'Kacang', 'Tanah Cincang', 68),
	(1110039, 'Kacang', 'Mede Cincang', 57),
	(1110040, 'Buah', 'Kering Campur', 72);

-- Dumping structure for table tubes_basisdata_tokorotiyolanda.cabang
CREATE TABLE IF NOT EXISTS `cabang` (
  `ID_Cabang` int(11) NOT NULL,
  `NamaCabang_First` varchar(50) DEFAULT NULL,
  `NamaCabang_Last` varchar(50) DEFAULT NULL,
  `AlamatCabang_Jalan` varchar(50) DEFAULT NULL,
  `AlamatCabang_Kota` varchar(50) DEFAULT NULL,
  `AlamatCabang_Provinsi` varchar(50) DEFAULT NULL,
  `Luas_Cabang` decimal(7,2) DEFAULT NULL,
  `Tipe_Cabang` set('Produksi','Penjualan') DEFAULT NULL,
  PRIMARY KEY (`ID_Cabang`)
) ENGINE=InnoDB DEFAULT CHARSET=utf8mb4 COLLATE=utf8mb4_uca1400_ai_ci;

-- Dumping data for table tubes_basisdata_tokorotiyolanda.cabang: ~80 rows (approximately)
INSERT INTO `cabang` (`ID_Cabang`, `NamaCabang_First`, `NamaCabang_Last`, `AlamatCabang_Jalan`, `AlamatCabang_Kota`, `AlamatCabang_Provinsi`, `Luas_Cabang`, `Tipe_Cabang`) VALUES
	(56510001, 'Cabang', 'Jakarta', 'Jl. Merdeka No.1', 'Jakarta', 'DKI Jakarta', 300.50, 'Produksi'),
	(56510002, 'Cabang', 'Bandung', 'Jl. Kebon Jeruk No.2', 'Bandung', 'Jawa Barat', 250.75, 'Produksi'),
	(56510003, 'Cabang', 'Surabaya', 'Jl. Diponegoro No.3', 'Surabaya', 'Jawa Timur', 280.00, 'Penjualan'),
	(56510004, 'Cabang', 'Medan', 'Jl. Sisingamangaraja No.4', 'Medan', 'Sumatera Utara', 220.45, 'Penjualan'),
	(56510005, 'Cabang', 'Semarang', 'Jl. Pandanaran No.5', 'Semarang', 'Jawa Tengah', 270.10, 'Produksi'),
	(56510006, 'Cabang', 'Yogyakarta', 'Jl. Malioboro No.6', 'Yogyakarta', 'DI Yogyakarta', 210.20, 'Penjualan'),
	(56510007, 'Cabang', 'Makassar', 'Jl. Sultan Hasanuddin No.7', 'Makassar', 'Sulawesi Selatan', 190.00, 'Produksi'),
	(56510008, 'Cabang', 'Palembang', 'Jl. POM IX No.8', 'Palembang', 'Sumatera Selatan', 180.55, 'Penjualan'),
	(56510009, 'Cabang', 'Denpasar', 'Jl. Sunset Road No.9', 'Denpasar', 'Bali', 200.00, 'Produksi'),
	(56510010, 'Cabang', 'Malang', 'Jl. Ijen No.10', 'Malang', 'Jawa Timur', 230.30, 'Penjualan'),
	(56510011, 'Cabang', 'Bekasi', 'Jl. Patriot No.11', 'Bekasi', 'Jawa Barat', 220.00, 'Produksi'),
	(56510012, 'Cabang', 'Tangerang', 'Jl. BSD Raya No.12', 'Tangerang', 'Banten', 210.50, 'Penjualan'),
	(56510013, 'Cabang', 'Depok', 'Jl. Margonda No.13', 'Depok', 'Jawa Barat', 190.75, 'Produksi'),
	(56510014, 'Cabang', 'Bogor', 'Jl. Pajajaran No.14', 'Bogor', 'Jawa Barat', 230.00, 'Penjualan'),
	(56510015, 'Cabang', 'Solo', 'Jl. Slamet Riyadi No.15', 'Surakarta', 'Jawa Tengah', 200.25, 'Produksi'),
	(56510016, 'Cabang', 'Pekanbaru', 'Jl. Sudirman No.16', 'Pekanbaru', 'Riau', 180.50, 'Penjualan'),
	(56510017, 'Cabang', 'Balikpapan', 'Jl. Jend. Sudirman No.17', 'Balikpapan', 'Kalimantan Timur', 240.00, 'Produksi'),
	(56510018, 'Cabang', 'Manado', 'Jl. Sam Ratulangi No.18', 'Manado', 'Sulawesi Utara', 170.75, 'Penjualan'),
	(56510019, 'Cabang', 'Pontianak', 'Jl. Gajah Mada No.19', 'Pontianak', 'Kalimantan Barat', 215.00, 'Produksi'),
	(56510020, 'Cabang', 'Banjarmasin', 'Jl. Ahmad Yani No.20', 'Banjarmasin', 'Kalimantan Selatan', 195.25, 'Penjualan'),
	(56510021, 'Cabang', 'Cirebon', 'Jl. Kartini No.21', 'Cirebon', 'Jawa Barat', 185.00, 'Produksi'),
	(56510022, 'Cabang', 'Kudus', 'Jl. Sunan Kudus No.22', 'Kudus', 'Jawa Tengah', 175.50, 'Penjualan'),
	(56510023, 'Cabang', 'Jember', 'Jl. Jawa No.23', 'Jember', 'Jawa Timur', 199.75, 'Produksi'),
	(56510024, 'Cabang', 'Kediri', 'Jl. Dhoho No.24', 'Kediri', 'Jawa Timur', 205.00, 'Penjualan'),
	(56510025, 'Cabang', 'Magelang', 'Jl. Tentara Pelajar No.25', 'Magelang', 'Jawa Tengah', 180.25, 'Produksi'),
	(56510026, 'Cabang', 'Tasikmalaya', 'Jl. HZ Mustofa No.26', 'Tasikmalaya', 'Jawa Barat', 170.50, 'Penjualan'),
	(56510027, 'Cabang', 'Serang', 'Jl. Veteran No.27', 'Serang', 'Banten', 210.00, 'Produksi'),
	(56510028, 'Cabang', 'Purwokerto', 'Jl. Jend. Soedirman No.28', 'Purwokerto', 'Jawa Tengah', 160.75, 'Penjualan'),
	(56510029, 'Cabang', 'Madiun', 'Jl. Pahlawan No.29', 'Madiun', 'Jawa Timur', 190.00, 'Produksi'),
	(56510030, 'Cabang', 'Salatiga', 'Jl. Diponegoro No.30', 'Salatiga', 'Jawa Tengah', 155.25, 'Penjualan'),
	(56510031, 'Cabang', 'Batu', 'Jl. Agus Salim No.31', 'Batu', 'Jawa Timur', 170.00, 'Produksi'),
	(56510032, 'Cabang', 'Probolinggo', 'Jl. Suroyo No.32', 'Probolinggo', 'Jawa Timur', 145.50, 'Penjualan'),
	(56510033, 'Cabang', 'Pasuruan', 'Jl. Soekarno Hatta No.33', 'Pasuruan', 'Jawa Timur', 165.75, 'Produksi'),
	(56510034, 'Cabang', 'Mojokerto', 'Jl. Gajah Mada No.34', 'Mojokerto', 'Jawa Timur', 150.00, 'Penjualan'),
	(56510035, 'Cabang', 'Blitar', 'Jl. Merdeka No.35', 'Blitar', 'Jawa Timur', 160.25, 'Produksi'),
	(56510036, 'Cabang', 'Pekalongan', 'Jl. Hayam Wuruk No.36', 'Pekalongan', 'Jawa Tengah', 140.50, 'Penjualan'),
	(56510037, 'Cabang', 'Tegal', 'Jl. Pancasila No.37', 'Tegal', 'Jawa Tengah', 158.00, 'Produksi'),
	(56510038, 'Cabang', 'Cimahi', 'Jl. Gandawijaya No.38', 'Cimahi', 'Jawa Barat', 135.75, 'Penjualan'),
	(56510039, 'Cabang', 'Sukabumi', 'Jl. RE Martadinata No.39', 'Sukabumi', 'Jawa Barat', 150.00, 'Produksi'),
	(56510040, 'Cabang', 'Garut', 'Jl. Cimanuk No.40', 'Garut', 'Jawa Barat', 130.25, 'Penjualan'),
	(56510041, 'Cabang', 'Padang', 'Jl. Khatib Sulaiman No.41', 'Padang', 'Sumatera Barat', 235.00, 'Produksi'),
	(56510042, 'Cabang', 'Lampung', 'Jl. Teuku Umar No.42', 'Bandar Lampung', 'Lampung', 200.50, 'Penjualan'),
	(56510043, 'Cabang', 'Jambi', 'Jl. Gatot Subroto No.43', 'Jambi', 'Jambi', 188.75, 'Produksi'),
	(56510044, 'Cabang', 'Bengkulu', 'Jl. Pembangunan No.44', 'Bengkulu', 'Bengkulu', 177.00, 'Penjualan'),
	(56510045, 'Cabang', 'Pangkal Pinang', 'Jl. Sudirman No.45', 'Pangkal Pinang', 'Bangka Belitung', 165.25, 'Produksi'),
	(56510046, 'Cabang', 'Batam', 'Jl. Engku Putri No.46', 'Batam', 'Kepulauan Riau', 220.50, 'Penjualan'),
	(56510047, 'Cabang', 'Samarinda', 'Jl. Kesuma Bangsa No.47', 'Samarinda', 'Kalimantan Timur', 200.00, 'Produksi'),
	(56510048, 'Cabang', 'Tarakan', 'Jl. Yos Sudarso No.48', 'Tarakan', 'Kalimantan Utara', 155.75, 'Penjualan'),
	(56510049, 'Cabang', 'Palu', 'Jl. Moh. Hatta No.49', 'Palu', 'Sulawesi Tengah', 175.00, 'Produksi'),
	(56510050, 'Cabang', 'Kendari', 'Jl. Abdullah Silondae No.50', 'Kendari', 'Sulawesi Tenggara', 148.25, 'Penjualan'),
	(56510051, 'Cabang', 'Gorontalo', 'Jl. Nani Wartabone No.51', 'Gorontalo', 'Gorontalo', 160.00, 'Produksi'),
	(56510052, 'Cabang', 'Mamuju', 'Jl. Andi Dai No.52', 'Mamuju', 'Sulawesi Barat', 140.50, 'Penjualan'),
	(56510053, 'Cabang', 'Ambon', 'Jl. Pattimura No.53', 'Ambon', 'Maluku', 170.75, 'Produksi'),
	(56510054, 'Cabang', 'Ternate', 'Jl. Sultan Khairun No.54', 'Ternate', 'Maluku Utara', 133.00, 'Penjualan'),
	(56510055, 'Cabang', 'Jayapura', 'Jl. Raya Abepura No.55', 'Jayapura', 'Papua', 190.25, 'Produksi'),
	(56510056, 'Cabang', 'Manokwari', 'Jl. Yos Sudarso No.56', 'Manokwari', 'Papua Barat', 150.50, 'Penjualan'),
	(56510057, 'Cabang', 'Kupang', 'Jl. W.J. Lalamentik No.57', 'Kupang', 'Nusa Tenggara Timur', 180.00, 'Produksi'),
	(56510058, 'Cabang', 'Mataram', 'Jl. Pejanggik No.58', 'Mataram', 'Nusa Tenggara Barat', 165.75, 'Penjualan'),
	(56510059, 'Cabang', 'Singaraja', 'Jl. Ngurah Rai No.59', 'Singaraja', 'Bali', 150.00, 'Produksi'),
	(56510060, 'Cabang', 'Gianyar', 'Jl. Bypass Dharma Giri No.60', 'Gianyar', 'Bali', 140.25, 'Penjualan'),
	(56510061, 'Cabang', 'Tabanan', 'Jl. Gajah Mada No.61', 'Tabanan', 'Bali', 160.00, 'Produksi'),
	(56510062, 'Cabang', 'Negara', 'Jl. Sudirman No.62', 'Negara', 'Bali', 130.50, 'Penjualan'),
	(56510063, 'Cabang', 'Bangli', 'Jl. Merdeka No.63', 'Bangli', 'Bali', 155.75, 'Produksi'),
	(56510064, 'Cabang', 'Amlapura', 'Jl. Diponegoro No.64', 'Amlapura', 'Bali', 125.00, 'Penjualan'),
	(56510065, 'Cabang', 'Semarapura', 'Jl. Untung Surapati No.65', 'Semarapura', 'Bali', 148.25, 'Produksi'),
	(56510066, 'Cabang', 'Lhokseumawe', 'Jl. Samudera No.66', 'Lhokseumawe', 'Aceh', 170.00, 'Penjualan'),
	(56510067, 'Cabang', 'Langsa', 'Jl. A Yani No.67', 'Langsa', 'Aceh', 140.75, 'Produksi'),
	(56510068, 'Cabang', 'Sabang', 'Jl. Perdagangan No.68', 'Sabang', 'Aceh', 120.00, 'Penjualan'),
	(56510069, 'Cabang', 'Binjai', 'Jl. Soekarno Hatta No.69', 'Binjai', 'Sumatera Utara', 165.25, 'Produksi'),
	(56510070, 'Cabang', 'Tebing Tinggi', 'Jl. KL Yos Sudarso No.70', 'Tebing Tinggi', 'Sumatera Utara', 135.50, 'Penjualan'),
	(56510071, 'Cabang', 'Pematangsiantar', 'Jl. Sutomo No.71', 'Pematangsiantar', 'Sumatera Utara', 175.00, 'Produksi'),
	(56510072, 'Cabang', 'Sibolga', 'Jl. Horas No.72', 'Sibolga', 'Sumatera Utara', 128.75, 'Penjualan'),
	(56510073, 'Cabang', 'Padangsidimpuan', 'Jl. Merdeka No.73', 'Padangsidimpuan', 'Sumatera Utara', 150.00, 'Produksi'),
	(56510074, 'Cabang', 'Gunungsitoli', 'Jl. Diponegoro No.74', 'Gunungsitoli', 'Sumatera Utara', 118.25, 'Penjualan'),
	(56510075, 'Cabang', 'Solok', 'Jl. Prof. M. Yamin No.75', 'Solok', 'Sumatera Barat', 145.00, 'Produksi'),
	(56510076, 'Cabang', 'Sawahlunto', 'Jl. A. Yani No.76', 'Sawahlunto', 'Sumatera Barat', 115.50, 'Penjualan'),
	(56510077, 'Cabang', 'Payakumbuh', 'Jl. Soekarno-Hatta No.77', 'Payakumbuh', 'Sumatera Barat', 160.75, 'Produksi'),
	(56510078, 'Cabang', 'Bukittinggi', 'Jl. Sudirman No.78', 'Bukittinggi', 'Sumatera Barat', 130.00, 'Penjualan'),
	(56510079, 'Cabang', 'Pariaman', 'Jl. Imam Bonjol No.79', 'Pariaman', 'Sumatera Barat', 140.25, 'Produksi'),
	(56510080, 'Cabang', 'Dumai', 'Jl. Sultan Syarif Kasim No.80', 'Dumai', 'Riau', 180.50, 'Penjualan');

-- Dumping structure for table tubes_basisdata_tokorotiyolanda.detail_pembelian_bahanbaku
CREATE TABLE IF NOT EXISTS `detail_pembelian_bahanbaku` (
  `ID_BahanBaku` int(11) NOT NULL,
  `ID_Pembelian` int(11) NOT NULL,
  PRIMARY KEY (`ID_BahanBaku`,`ID_Pembelian`),
  KEY `ID_Pembelian` (`ID_Pembelian`),
  CONSTRAINT `detail_pembelian_bahanbaku_ibfk_1` FOREIGN KEY (`ID_BahanBaku`) REFERENCES `bahan_baku` (`ID_BahanBaku`),
  CONSTRAINT `detail_pembelian_bahanbaku_ibfk_2` FOREIGN KEY (`ID_Pembelian`) REFERENCES `pembelian_bahanbaku` (`ID_Pembelian`)
) ENGINE=InnoDB DEFAULT CHARSET=utf8mb4 COLLATE=utf8mb4_uca1400_ai_ci;

-- Dumping data for table tubes_basisdata_tokorotiyolanda.detail_pembelian_bahanbaku: ~112 rows (approximately)
INSERT INTO `detail_pembelian_bahanbaku` (`ID_BahanBaku`, `ID_Pembelian`) VALUES
	(1110001, 514300001),
	(1110002, 514300001),
	(1110003, 514300001),
	(1110001, 514300002),
	(1110002, 514300002),
	(1110006, 514300003),
	(1110009, 514300003),
	(1110008, 514300004),
	(1110010, 514300004),
	(1110003, 514300005),
	(1110004, 514300005),
	(1110005, 514300006),
	(1110003, 514300007),
	(1110002, 514300008),
	(1110006, 514300008),
	(1110008, 514300008),
	(1110010, 514300009),
	(1110001, 514300010),
	(1110009, 514300010),
	(1110011, 514300011),
	(1110012, 514300011),
	(1110005, 514300012),
	(1110040, 514300012),
	(1110002, 514300013),
	(1110035, 514300013),
	(1110006, 514300014),
	(1110026, 514300014),
	(1110032, 514300014),
	(1110008, 514300015),
	(1110018, 514300015),
	(1110033, 514300015),
	(1110011, 514300016),
	(1110012, 514300016),
	(1110021, 514300016),
	(1110038, 514300016),
	(1110012, 514300017),
	(1110028, 514300017),
	(1110027, 514300018),
	(1110016, 514300019),
	(1110017, 514300019),
	(1110019, 514300019),
	(1110020, 514300019),
	(1110013, 514300020),
	(1110035, 514300020),
	(1110001, 514300021),
	(1110032, 514300021),
	(1110033, 514300021),
	(1110004, 514300022),
	(1110005, 514300022),
	(1110005, 514300023),
	(1110009, 514300023),
	(1110010, 514300023),
	(1110020, 514300023),
	(1110006, 514300024),
	(1110009, 514300024),
	(1110008, 514300025),
	(1110034, 514300025),
	(1110014, 514300026),
	(1110015, 514300026),
	(1110040, 514300026),
	(1110022, 514300027),
	(1110023, 514300027),
	(1110024, 514300028),
	(1110018, 514300029),
	(1110025, 514300029),
	(1110026, 514300030),
	(1110027, 514300030),
	(1110028, 514300030),
	(1110030, 514300030),
	(1110029, 514300031),
	(1110030, 514300031),
	(1110031, 514300032),
	(1110034, 514300032),
	(1110035, 514300032),
	(1110013, 514300033),
	(1110014, 514300033),
	(1110009, 514300034),
	(1110002, 514300035),
	(1110019, 514300035),
	(1110040, 514300036),
	(1110037, 514300037),
	(1110030, 514300038),
	(1110039, 514300038),
	(1110036, 514300039),
	(1110038, 514300040),
	(1110031, 514300041),
	(1110032, 514300041),
	(1110033, 514300041),
	(1110034, 514300041),
	(1110016, 514300042),
	(1110025, 514300042),
	(1110037, 514300043),
	(1110038, 514300043),
	(1110039, 514300043),
	(1110010, 514300044),
	(1110012, 514300044),
	(1110021, 514300044),
	(1110033, 514300044),
	(1110035, 514300045),
	(1110036, 514300045),
	(1110020, 514300046),
	(1110039, 514300046),
	(1110001, 514300047),
	(1110002, 514300047),
	(1110013, 514300047),
	(1110024, 514300047),
	(1110035, 514300047),
	(1110036, 514300048),
	(1110019, 514300049),
	(1110027, 514300049),
	(1110028, 514300049),
	(1110040, 514300049);

-- Dumping structure for table tubes_basisdata_tokorotiyolanda.detail_penggunaan_bahanbaku
CREATE TABLE IF NOT EXISTS `detail_penggunaan_bahanbaku` (
  `ID_BahanBaku` int(11) NOT NULL,
  `Nomor_Penggunaan` int(11) NOT NULL,
  PRIMARY KEY (`ID_BahanBaku`,`Nomor_Penggunaan`),
  KEY `Nomor_Penggunaan` (`Nomor_Penggunaan`),
  CONSTRAINT `detail_penggunaan_bahanbaku_ibfk_1` FOREIGN KEY (`ID_BahanBaku`) REFERENCES `bahan_baku` (`ID_BahanBaku`),
  CONSTRAINT `detail_penggunaan_bahanbaku_ibfk_2` FOREIGN KEY (`Nomor_Penggunaan`) REFERENCES `penggunaan_bahanbaku` (`Nomor_Penggunaan`)
) ENGINE=InnoDB DEFAULT CHARSET=utf8mb4 COLLATE=utf8mb4_uca1400_ai_ci;

-- Dumping data for table tubes_basisdata_tokorotiyolanda.detail_penggunaan_bahanbaku: ~147 rows (approximately)
INSERT INTO `detail_penggunaan_bahanbaku` (`ID_BahanBaku`, `Nomor_Penggunaan`) VALUES
	(1110001, 827600001),
	(1110002, 827600001),
	(1110003, 827600001),
	(1110001, 827600002),
	(1110004, 827600002),
	(1110007, 827600002),
	(1110001, 827600003),
	(1110005, 827600003),
	(1110003, 827600004),
	(1110006, 827600004),
	(1110009, 827600005),
	(1110010, 827600006),
	(1110008, 827600007),
	(1110010, 827600007),
	(1110005, 827600008),
	(1110006, 827600009),
	(1110009, 827600009),
	(1110001, 827600010),
	(1110002, 827600010),
	(1110011, 827600011),
	(1110012, 827600011),
	(1110005, 827600012),
	(1110015, 827600012),
	(1110002, 827600013),
	(1110037, 827600013),
	(1110006, 827600014),
	(1110036, 827600014),
	(1110008, 827600015),
	(1110018, 827600015),
	(1110011, 827600016),
	(1110021, 827600016),
	(1110028, 827600017),
	(1110001, 827600018),
	(1110016, 827600019),
	(1110017, 827600019),
	(1110013, 827600020),
	(1110035, 827600020),
	(1110001, 827600021),
	(1110032, 827600021),
	(1110033, 827600021),
	(1110004, 827600022),
	(1110005, 827600022),
	(1110009, 827600023),
	(1110010, 827600023),
	(1110020, 827600023),
	(1110039, 827600024),
	(1110024, 827600025),
	(1110014, 827600026),
	(1110040, 827600026),
	(1110022, 827600027),
	(1110001, 827600028),
	(1110024, 827600028),
	(1110018, 827600029),
	(1110025, 827600029),
	(1110026, 827600030),
	(1110040, 827600030),
	(1110029, 827600031),
	(1110030, 827600031),
	(1110034, 827600032),
	(1110036, 827600032),
	(1110038, 827600033),
	(1110039, 827600033),
	(1110031, 827600034),
	(1110019, 827600035),
	(1110003, 827600036),
	(1110001, 827600037),
	(1110007, 827600037),
	(1110009, 827600038),
	(1110040, 827600038),
	(1110016, 827600039),
	(1110008, 827600040),
	(1110001, 827600041),
	(1110013, 827600041),
	(1110022, 827600041),
	(1110016, 827600042),
	(1110035, 827600042),
	(1110007, 827600043),
	(1110038, 827600043),
	(1110002, 827600044),
	(1110011, 827600044),
	(1110040, 827600044),
	(1110016, 827600045),
	(1110035, 827600045),
	(1110010, 827600046),
	(1110029, 827600046),
	(1110001, 827600047),
	(1110022, 827600047),
	(1110033, 827600047),
	(1110006, 827600048),
	(1110007, 827600049),
	(1110008, 827600049),
	(1110029, 827600049),
	(1110011, 827600050),
	(1110022, 827600050),
	(1110006, 827600051),
	(1110015, 827600051),
	(1110007, 827600052),
	(1110028, 827600052),
	(1110012, 827600053),
	(1110031, 827600053),
	(1110033, 827600053),
	(1110036, 827600054),
	(1110037, 827600054),
	(1110031, 827600055),
	(1110001, 827600056),
	(1110005, 827600056),
	(1110011, 827600057),
	(1110012, 827600057),
	(1110016, 827600058),
	(1110017, 827600058),
	(1110021, 827600059),
	(1110022, 827600059),
	(1110025, 827600060),
	(1110026, 827600060),
	(1110030, 827600061),
	(1110031, 827600061),
	(1110035, 827600062),
	(1110036, 827600062),
	(1110011, 827600063),
	(1110040, 827600063),
	(1110005, 827600064),
	(1110006, 827600064),
	(1110031, 827600065),
	(1110040, 827600065),
	(1110035, 827600066),
	(1110036, 827600066),
	(1110021, 827600067),
	(1110030, 827600067),
	(1110015, 827600068),
	(1110026, 827600068),
	(1110030, 827600069),
	(1110031, 827600069),
	(1110006, 827600070),
	(1110015, 827600070),
	(1110001, 827600071),
	(1110005, 827600071),
	(1110007, 827600071),
	(1110002, 827600072),
	(1110008, 827600072),
	(1110011, 827600073),
	(1110012, 827600073),
	(1110013, 827600073),
	(1110016, 827600074),
	(1110017, 827600074),
	(1110003, 827600075),
	(1110004, 827600075),
	(1110006, 827600076);

-- Dumping structure for table tubes_basisdata_tokorotiyolanda.detail_pengiriman_produk
CREATE TABLE IF NOT EXISTS `detail_pengiriman_produk` (
  `ID_Produk` int(11) NOT NULL,
  `ID_Pengiriman` int(11) NOT NULL,
  PRIMARY KEY (`ID_Produk`,`ID_Pengiriman`),
  KEY `ID_Pengiriman` (`ID_Pengiriman`),
  CONSTRAINT `detail_pengiriman_produk_ibfk_1` FOREIGN KEY (`ID_Produk`) REFERENCES `produk_roti` (`ID_Produk`),
  CONSTRAINT `detail_pengiriman_produk_ibfk_2` FOREIGN KEY (`ID_Pengiriman`) REFERENCES `pengiriman_produk` (`ID_Pengiriman`)
) ENGINE=InnoDB DEFAULT CHARSET=utf8mb4 COLLATE=utf8mb4_uca1400_ai_ci;

-- Dumping data for table tubes_basisdata_tokorotiyolanda.detail_pengiriman_produk: ~117 rows (approximately)
INSERT INTO `detail_pengiriman_produk` (`ID_Produk`, `ID_Pengiriman`) VALUES
	(23270001, 208500001),
	(23270004, 208500001),
	(23270002, 208500003),
	(23270008, 208500003),
	(23270009, 208500003),
	(23270004, 208500004),
	(23270006, 208500005),
	(23270007, 208500005),
	(23270002, 208500006),
	(23270003, 208500006),
	(23270009, 208500006),
	(23270007, 208500007),
	(23270010, 208500007),
	(23270010, 208500008),
	(23270002, 208500009),
	(23270001, 208500010),
	(23270005, 208500010),
	(23270011, 208500011),
	(23270012, 208500011),
	(23270003, 208500012),
	(23270015, 208500013),
	(23270020, 208500013),
	(23270014, 208500014),
	(23270030, 208500014),
	(23270008, 208500015),
	(23270016, 208500016),
	(23270035, 208500016),
	(23270007, 208500017),
	(23270030, 208500017),
	(23270018, 208500018),
	(23270001, 208500019),
	(23270010, 208500019),
	(23270010, 208500020),
	(23270020, 208500020),
	(23270022, 208500021),
	(23270024, 208500022),
	(23270035, 208500022),
	(23270026, 208500023),
	(23270001, 208500024),
	(23270028, 208500024),
	(23270025, 208500025),
	(23270030, 208500025),
	(23270032, 208500026),
	(23270020, 208500027),
	(23270034, 208500027),
	(23270032, 208500028),
	(23270025, 208500029),
	(23270033, 208500029),
	(23270010, 208500030),
	(23270030, 208500030),
	(23270002, 208500031),
	(23270005, 208500031),
	(23270004, 208500032),
	(23270006, 208500033),
	(23270020, 208500033),
	(23270018, 208500034),
	(23270005, 208500035),
	(23270020, 208500035),
	(23270002, 208500036),
	(23270004, 208500037),
	(23270010, 208500037),
	(23270026, 208500038),
	(23270013, 208500039),
	(23270018, 208500039),
	(23270007, 208500040),
	(23270030, 208500040),
	(23270012, 208500041),
	(23270011, 208500042),
	(23270024, 208500042),
	(23270026, 208500043),
	(23270018, 208500044),
	(23270023, 208500044),
	(23270020, 208500045),
	(23270027, 208500045),
	(23270012, 208500046),
	(23270004, 208500047),
	(23270029, 208500047),
	(23270006, 208500048),
	(23270008, 208500049),
	(23270031, 208500049),
	(23270030, 208500050),
	(23270033, 208500050),
	(23270002, 208500051),
	(23270017, 208500051),
	(23270004, 208500052),
	(23270006, 208500053),
	(23270009, 208500053),
	(23270018, 208500054),
	(23270010, 208500055),
	(23270021, 208500055),
	(23270012, 208500056),
	(23270033, 208500057),
	(23270034, 208500057),
	(23270006, 208500058),
	(23270008, 208500059),
	(23270017, 208500059),
	(23270010, 208500060),
	(23270029, 208500060),
	(23270002, 208500061),
	(23270011, 208500061),
	(23270004, 208500062),
	(23270003, 208500063),
	(23270006, 208500063),
	(23270009, 208500064),
	(23270007, 208500065),
	(23270011, 208500065),
	(23270019, 208500066),
	(23270019, 208500067),
	(23270021, 208500067),
	(23270023, 208500068),
	(23270021, 208500069),
	(23270025, 208500069),
	(23270013, 208500070),
	(23270031, 208500070),
	(23270007, 208500071),
	(23270033, 208500071),
	(23270035, 208500072);

-- Dumping structure for table tubes_basisdata_tokorotiyolanda.detail_resep
CREATE TABLE IF NOT EXISTS `detail_resep` (
  `ID_Resep` int(11) NOT NULL,
  `Deskripsi_Resep` varchar(50) NOT NULL,
  PRIMARY KEY (`ID_Resep`,`Deskripsi_Resep`),
  CONSTRAINT `detail_resep_ibfk_1` FOREIGN KEY (`ID_Resep`) REFERENCES `resep` (`ID_Resep`)
) ENGINE=InnoDB DEFAULT CHARSET=utf8mb4 COLLATE=utf8mb4_uca1400_ai_ci;

-- Dumping data for table tubes_basisdata_tokorotiyolanda.detail_resep: ~35 rows (approximately)
INSERT INTO `detail_resep` (`ID_Resep`, `Deskripsi_Resep`) VALUES
	(44560001, 'Tepung, Ragi'),
	(44560002, 'Tepung, Ragi, Gula, Coklat'),
	(44560003, 'Tepung, Ragi, Coklat'),
	(44560004, 'Susu, Coklat, Keju'),
	(44560005, 'Tepung, Keju'),
	(44560006, 'Tepung, Kismis'),
	(44560007, 'Ragi, Mentega'),
	(44560008, 'Susu, Keju, Kismis'),
	(44560009, 'Mentega, Telur'),
	(44560010, 'Tepung, Gula, Vanila'),
	(44560011, 'Cokelat, Gula, Mentega'),
	(44560012, 'Tepung, Gula, Selai Strawberry'),
	(44560013, 'Tepung, Gula, Selai Nanas'),
	(44560014, 'Cokelat, Kismis, Gula'),
	(44560015, 'Tepung, Gula, Pewarna Merah'),
	(44560016, 'Tepung, Gula, Pewarna Hijau'),
	(44560017, 'Susu, Gula, Cokelat Chip'),
	(44560018, 'Tepung, Gula, Matcha'),
	(44560019, 'Tepung, Gula, Pandan'),
	(44560020, 'Tepung, Gula, Moka'),
	(44560021, 'Tepung, Gula, Lemon'),
	(44560022, 'Tepung, Gula, Kacang Tanah'),
	(44560023, 'Tepung, Gula, Kacang Mede'),
	(44560024, 'Tepung, Gula, Buah Kering Campur'),
	(44560025, 'Tepung, Gula, Yogurt'),
	(44560026, 'Tepung, Gula, Cream Cheese'),
	(44560027, 'Tepung, Gula, Agar-agar'),
	(44560028, 'Tepung, Gula, Jelly'),
	(44560029, 'Tepung, Gula, Margarin'),
	(44560030, 'Tepung, Gula, Shortening'),
	(44560031, 'Tepung, Gula, Baking Soda'),
	(44560032, 'Tepung, Gula, Ragi'),
	(44560033, 'Tepung, Gula, Garam'),
	(44560034, 'Tepung, Gula, Bawang Putih'),
	(44560035, 'Tepung, Gula, Oregano');

-- Dumping structure for table tubes_basisdata_tokorotiyolanda.detail_transaksiproduk
CREATE TABLE IF NOT EXISTS `detail_transaksiproduk` (
  `ID_Produk` int(11) NOT NULL,
  `ID_Transaksi` int(11) NOT NULL,
  PRIMARY KEY (`ID_Produk`,`ID_Transaksi`),
  KEY `ID_Transaksi` (`ID_Transaksi`),
  CONSTRAINT `detail_transaksiproduk_ibfk_1` FOREIGN KEY (`ID_Produk`) REFERENCES `produk_roti` (`ID_Produk`),
  CONSTRAINT `detail_transaksiproduk_ibfk_2` FOREIGN KEY (`ID_Transaksi`) REFERENCES `transaksi_penjualan` (`ID_Transaksi`)
) ENGINE=InnoDB DEFAULT CHARSET=utf8mb4 COLLATE=utf8mb4_uca1400_ai_ci;

-- Dumping data for table tubes_basisdata_tokorotiyolanda.detail_transaksiproduk: ~176 rows (approximately)
INSERT INTO `detail_transaksiproduk` (`ID_Produk`, `ID_Transaksi`) VALUES
	(23270001, 653700001),
	(23270004, 653700001),
	(23270001, 653700002),
	(23270003, 653700002),
	(23270006, 653700002),
	(23270007, 653700003),
	(23270004, 653700004),
	(23270005, 653700004),
	(23270002, 653700005),
	(23270009, 653700005),
	(23270010, 653700006),
	(23270007, 653700007),
	(23270001, 653700008),
	(23270010, 653700008),
	(23270003, 653700009),
	(23270004, 653700009),
	(23270006, 653700010),
	(23270011, 653700011),
	(23270012, 653700011),
	(23270003, 653700012),
	(23270015, 653700013),
	(23270020, 653700013),
	(23270025, 653700013),
	(23270014, 653700014),
	(23270030, 653700014),
	(23270008, 653700015),
	(23270035, 653700015),
	(23270016, 653700016),
	(23270005, 653700017),
	(23270007, 653700017),
	(23270010, 653700017),
	(23270018, 653700018),
	(23270001, 653700019),
	(23270030, 653700019),
	(23270035, 653700019),
	(23270010, 653700020),
	(23270020, 653700020),
	(23270022, 653700021),
	(23270024, 653700022),
	(23270030, 653700022),
	(23270035, 653700022),
	(23270026, 653700023),
	(23270028, 653700024),
	(23270035, 653700024),
	(23270010, 653700025),
	(23270030, 653700025),
	(23270032, 653700026),
	(23270005, 653700027),
	(23270010, 653700027),
	(23270034, 653700027),
	(23270006, 653700028),
	(23270028, 653700029),
	(23270035, 653700029),
	(23270002, 653700030),
	(23270030, 653700030),
	(23270005, 653700031),
	(23270022, 653700031),
	(23270004, 653700032),
	(23270010, 653700033),
	(23270013, 653700033),
	(23270016, 653700033),
	(23270028, 653700034),
	(23270017, 653700035),
	(23270020, 653700035),
	(23270022, 653700036),
	(23270021, 653700037),
	(23270023, 653700037),
	(23270024, 653700037),
	(23270006, 653700038),
	(23270027, 653700039),
	(23270028, 653700039),
	(23270020, 653700040),
	(23270029, 653700040),
	(23270022, 653700041),
	(23270031, 653700042),
	(23270033, 653700042),
	(23270034, 653700042),
	(23270006, 653700043),
	(23270017, 653700044),
	(23270018, 653700044),
	(23270010, 653700045),
	(23270019, 653700045),
	(23270002, 653700046),
	(23270013, 653700047),
	(23270021, 653700047),
	(23270034, 653700047),
	(23270016, 653700048),
	(23270017, 653700049),
	(23270018, 653700049),
	(23270010, 653700050),
	(23270029, 653700050),
	(23270011, 653700051),
	(23270022, 653700051),
	(23270004, 653700052),
	(23270007, 653700053),
	(23270023, 653700053),
	(23270026, 653700053),
	(23270028, 653700054),
	(23270019, 653700055),
	(23270020, 653700055),
	(23270032, 653700056),
	(23270011, 653700057),
	(23270013, 653700057),
	(23270024, 653700057),
	(23270026, 653700058),
	(23270007, 653700059),
	(23270018, 653700059),
	(23270020, 653700060),
	(23270029, 653700060),
	(23270002, 653700061),
	(23270021, 653700061),
	(23270004, 653700062),
	(23270006, 653700063),
	(23270027, 653700063),
	(23270033, 653700063),
	(23270009, 653700064),
	(23270009, 653700065),
	(23270011, 653700065),
	(23270019, 653700066),
	(23270001, 653700067),
	(23270021, 653700067),
	(23270023, 653700067),
	(23270023, 653700068),
	(23270025, 653700069),
	(23270027, 653700069),
	(23270019, 653700070),
	(23270031, 653700070),
	(23270031, 653700071),
	(23270033, 653700071),
	(23270035, 653700072),
	(23270011, 653700073),
	(23270027, 653700073),
	(23270033, 653700073),
	(23270003, 653700074),
	(23270025, 653700075),
	(23270029, 653700075),
	(23270011, 653700076),
	(23270001, 653700077),
	(23270006, 653700077),
	(23270013, 653700077),
	(23270005, 653700078),
	(23270012, 653700079),
	(23270017, 653700079),
	(23270015, 653700080),
	(23270021, 653700080),
	(23270018, 653700081),
	(23270023, 653700081),
	(23270015, 653700082),
	(23270011, 653700083),
	(23270022, 653700083),
	(23270024, 653700083),
	(23270023, 653700084),
	(23270015, 653700085),
	(23270032, 653700085),
	(23270011, 653700086),
	(23270013, 653700087),
	(23270015, 653700087),
	(23270017, 653700088),
	(23270009, 653700089),
	(23270021, 653700089),
	(23270013, 653700090),
	(23270015, 653700091),
	(23270017, 653700091),
	(23270009, 653700092),
	(23270002, 653700093),
	(23270004, 653700093),
	(23270007, 653700094),
	(23270009, 653700095),
	(23270013, 653700095),
	(23270019, 653700096),
	(23270027, 653700097),
	(23270034, 653700097),
	(23270027, 653700098),
	(23270026, 653700099),
	(23270032, 653700099),
	(23270032, 653700100);

-- Dumping structure for table tubes_basisdata_tokorotiyolanda.member_
CREATE TABLE IF NOT EXISTS `member_` (
  `ID_Member` int(11) NOT NULL,
  `NamaPelanggan_First` varchar(50) DEFAULT NULL,
  `NamaPelanggan_Last` varchar(50) DEFAULT NULL,
  `AlamatMember_Jalan` varchar(50) DEFAULT NULL,
  `AlamatMember_Kota` varchar(50) DEFAULT NULL,
  `AlamatMember_Provinsi` varchar(50) DEFAULT NULL,
  `NomorTelepon_Pelanggan` varchar(15) DEFAULT NULL,
  `Email_Pelanggan` varchar(75) DEFAULT NULL,
  PRIMARY KEY (`ID_Member`)
) ENGINE=InnoDB DEFAULT CHARSET=utf8mb4 COLLATE=utf8mb4_uca1400_ai_ci;

-- Dumping data for table tubes_basisdata_tokorotiyolanda.member_: ~35 rows (approximately)
INSERT INTO `member_` (`ID_Member`, `NamaPelanggan_First`, `NamaPelanggan_Last`, `AlamatMember_Jalan`, `AlamatMember_Kota`, `AlamatMember_Provinsi`, `NomorTelepon_Pelanggan`, `Email_Pelanggan`) VALUES
	(810001, 'Budi', 'Santoso', 'Jl. Melati No.3', 'Jakarta', 'DKI Jakarta', '08123456789', 'budi@example.com'),
	(810002, 'Siti', 'Aisyah', 'Jl. Mawar No.4', 'Bandung', 'Jawa Barat', '08234567890', 'siti@example.com'),
	(810003, 'Andi', 'Wijaya', 'Jl. Anggrek No.5', 'Surabaya', 'Jawa Timur', '08345678901', 'andi@example.com'),
	(810004, 'Dewi', 'Putri', 'Jl. Kenanga No.6', 'Medan', 'Sumatera Utara', '08456789012', 'dewi@example.com'),
	(810005, 'Rudi', 'Hartono', 'Jl. Sakura No.7', 'Semarang', 'Jawa Tengah', '08567890123', 'rudi@example.com'),
	(810006, 'Mira', 'Kusuma', 'Jl. Melur No.8', 'Yogyakarta', 'DI Yogyakarta', '08678901234', 'mira@example.com'),
	(810007, 'Tito', 'Saputra', 'Jl. Mawar No.9', 'Makassar', 'Sulawesi Selatan', '08789012345', 'tito@example.com'),
	(810008, 'Lina', 'Anggraini', 'Jl. Teratai No.10', 'Palembang', 'Sumatera Selatan', '08890123456', 'lina@example.com'),
	(810009, 'Hendra', 'Pratama', 'Jl. Bougenville No.11', 'Denpasar', 'Bali', '08901234567', 'hendra@example.com'),
	(810010, 'Nina', 'Amelia', 'Jl. Kamboja No.12', 'Malang', 'Jawa Timur', '08012345678', 'nina@example.com'),
	(810011, 'Agus', 'Pramono', 'Jl. Cendana No.13', 'Jakarta', 'DKI Jakarta', '08112233445', 'agus.pramono@example.com'),
	(810012, 'Ratna', 'Sari', 'Jl. Flamboyan No.14', 'Bandung', 'Jawa Barat', '08123344556', 'ratna.sari@example.com'),
	(810013, 'Eko', 'Susanto', 'Jl. Dahlia No.15', 'Surabaya', 'Jawa Timur', '08134455667', 'eko.s@example.com'),
	(810014, 'Fitri', 'Handayani', 'Jl. Kutilang No.16', 'Medan', 'Sumatera Utara', '08145566778', 'fitri.h@example.com'),
	(810015, 'Joko', 'Purwanto', 'Jl. Elang No.17', 'Semarang', 'Jawa Tengah', '08156677889', 'joko.p@example.com'),
	(810016, 'Sri', 'Rahayu', 'Jl. Rajawali No.18', 'Yogyakarta', 'DI Yogyakarta', '08167788990', 'sri.r@example.com'),
	(810017, 'Dedi', 'Setiawan', 'Jl. Merpati No.19', 'Makassar', 'Sulawesi Selatan', '08178899001', 'dedi.s@example.com'),
	(810018, 'Nurul', 'Aini', 'Jl. Camar No.20', 'Palembang', 'Sumatera Selatan', '08189900112', 'nurul.a@example.com'),
	(810019, 'Ivan', 'Gunawan', 'Jl. Nuri No.21', 'Denpasar', 'Bali', '08190011223', 'ivan.g@example.com'),
	(810020, 'Maya', 'Lestari', 'Jl. Pipit No.22', 'Malang', 'Jawa Timur', '08211122334', 'maya.l@example.com'),
	(810021, 'Rian', 'Hidayat', 'Jl. Apel No. 23', 'Bekasi', 'Jawa Barat', '08123450001', 'rian.h@example.com'),
	(810022, 'Putri', 'Wulandari', 'Jl. Jeruk No. 24', 'Tangerang', 'Banten', '08123450002', 'putri.w@example.com'),
	(810023, 'Faisal', 'Ramadhan', 'Jl. Mangga No. 25', 'Depok', 'Jawa Barat', '08123450003', 'faisal.r@example.com'),
	(810024, 'Annisa', 'Rahmawati', 'Jl. Durian No. 26', 'Bogor', 'Jawa Barat', '08123450004', 'annisa.r@example.com'),
	(810025, 'Lukman', 'Hakim', 'Jl. Salak No. 27', 'Surakarta', 'Jawa Tengah', '08123450005', 'lukman.h@example.com'),
	(810026, 'Winda', 'Novitasari', 'Jl. Rambutan No. 28', 'Pekanbaru', 'Riau', '08123450006', 'winda.n@example.com'),
	(810027, 'Bayu', 'Pradana', 'Jl. Anggur No. 29', 'Balikpapan', 'Kalimantan Timur', '08123450007', 'bayu.p@example.com'),
	(810028, 'Citra', 'Ayu', 'Jl. Melon No. 30', 'Manado', 'Sulawesi Utara', '08123450008', 'citra.a@example.com'),
	(810029, 'Gilang', 'Permana', 'Jl. Semangka No. 31', 'Pontianak', 'Kalimantan Barat', '08123450009', 'gilang.p@example.com'),
	(810030, 'Dinda', 'Kirana', 'Jl. Belimbing No. 32', 'Banjarmasin', 'Kalimantan Selatan', '08123450010', 'dinda.k@example.com'),
	(810031, 'Handoko', 'Susilo', 'Jl. Srikaya No. 33', 'Cirebon', 'Jawa Barat', '08123450011', 'handoko.s@example.com'),
	(810032, 'Indah', 'Pertiwi', 'Jl. Jambu Air No. 34', 'Kudus', 'Jawa Tengah', '08123450012', 'indah.p@example.com'),
	(810033, 'Reza', 'Ardian', 'Jl. Kedondong No. 35', 'Jember', 'Jawa Timur', '08123450013', 'reza.a@example.com'),
	(810034, 'Siska', 'Amelia', 'Jl. Nangka No. 36', 'Kediri', 'Jawa Timur', '08123450014', 'siska.a@example.com'),
	(810035, 'Taufik', 'Hidayatullah', 'Jl. Pepaya No. 37', 'Magelang', 'Jawa Tengah', '08123450015', 'taufik.h@example.com');

-- Dumping structure for table tubes_basisdata_tokorotiyolanda.nomortelp_cabang
CREATE TABLE IF NOT EXISTS `nomortelp_cabang` (
  `ID_Cabang` int(11) NOT NULL,
  `NomorTelepon_Cabang` varchar(15) NOT NULL,
  PRIMARY KEY (`ID_Cabang`,`NomorTelepon_Cabang`),
  CONSTRAINT `nomortelp_cabang_ibfk_1` FOREIGN KEY (`ID_Cabang`) REFERENCES `cabang` (`ID_Cabang`)
) ENGINE=InnoDB DEFAULT CHARSET=utf8mb4 COLLATE=utf8mb4_uca1400_ai_ci;

-- Dumping data for table tubes_basisdata_tokorotiyolanda.nomortelp_cabang: ~41 rows (approximately)
INSERT INTO `nomortelp_cabang` (`ID_Cabang`, `NomorTelepon_Cabang`) VALUES
	(56510001, '+6282112345678'),
	(56510002, '+6282165432123'),
	(56510003, '+6282212345645'),
	(56510004, '+6282265432111'),
	(56510005, '+6282112345643'),
	(56510006, '+6281265432164'),
	(56510007, '+6282144762830'),
	(56510008, '+6281373628018'),
	(56510009, '+6281364647830'),
	(56510010, '+628121414123'),
	(56510010, '+6281275834920'),
	(56510011, '+6281278234723'),
	(56510012, '+6281398723492'),
	(56510013, '+6281243950723'),
	(56510013, '+6281290475211'),
	(56510014, '+6281389324723'),
	(56510015, '+6281309465874'),
	(56510016, '+6281227836423'),
	(56510017, '+6281220569875'),
	(56510018, '+6281298471232'),
	(56510019, '+6281309458633'),
	(56510020, '+6281279037465'),
	(56510021, '+6281267153493'),
	(56510023, '+6281209437352'),
	(56510023, '+6281304865744'),
	(56510024, '+6281398562322'),
	(56510025, '+6281209458764'),
	(56510026, '+6281209457645'),
	(56510027, '+6281262538789'),
	(56510028, '+6281290458644'),
	(56510029, '+6281398347534'),
	(56510030, '+6281209865474'),
	(56510031, '+6281278426522'),
	(56510031, '+6281389372662'),
	(56510032, '+6281209458643'),
	(56510032, '+6281209568709'),
	(56510033, '+6281298745642'),
	(56510033, '+6281309374555'),
	(56510034, '+6281209548744'),
	(56510035, '+6281298171663'),
	(56510035, '+6281306877750');

-- Dumping structure for table tubes_basisdata_tokorotiyolanda.pembelian_bahanbaku
CREATE TABLE IF NOT EXISTS `pembelian_bahanbaku` (
  `ID_Pembelian` int(11) NOT NULL,
  `NamaPemasok_First` varchar(50) DEFAULT NULL,
  `NamaPemasok_Last` varchar(50) DEFAULT NULL,
  `tanggal_Pembelian` date DEFAULT NULL,
  `TotalHarga_Pembelian` int(11) DEFAULT NULL,
  `IDCabang_Produksi` int(11) DEFAULT NULL,
  PRIMARY KEY (`ID_Pembelian`),
  KEY `IDCabang_Produksi` (`IDCabang_Produksi`),
  CONSTRAINT `pembelian_bahanbaku_ibfk_1` FOREIGN KEY (`IDCabang_Produksi`) REFERENCES `produksi` (`IDCabang_Produksi`)
) ENGINE=InnoDB DEFAULT CHARSET=utf8mb4 COLLATE=utf8mb4_uca1400_ai_ci;

-- Dumping data for table tubes_basisdata_tokorotiyolanda.pembelian_bahanbaku: ~100 rows (approximately)
INSERT INTO `pembelian_bahanbaku` (`ID_Pembelian`, `NamaPemasok_First`, `NamaPemasok_Last`, `tanggal_Pembelian`, `TotalHarga_Pembelian`, `IDCabang_Produksi`) VALUES
	(514300001, 'PT', 'Tepung Makmur', '2024-05-01', 5000000, 56510001),
	(514300002, 'CV', 'Gula Indah', '2024-05-02', 3000000, 56510007),
	(514300003, 'PT', 'Ragi Jaya', '2024-05-03', 2000000, 56510007),
	(514300004, 'UD', 'Susu Susy', '2024-05-04', 1500000, 56510005),
	(514300005, 'PT', 'Mentega Sejahtera', '2024-05-05', 1000000, 56510002),
	(514300006, 'CV', 'Coklat Lezat', '2024-05-06', 1200000, 56510009),
	(514300007, 'PT', 'Keju Segar', '2024-05-07', 1800000, 56510009),
	(514300008, 'UD', 'Telur Makmur', '2024-05-08', 400000, 56510002),
	(514300009, 'PT', 'Kismis Nusantara', '2024-05-09', 2500000, 56510005),
	(514300010, 'CV', 'Vanili Andalan', '2024-05-10', 900000, 56510009),
	(514300011, 'Pemasok Tepung Jaya', NULL, '2024-05-11', 6000000, 56510001),
	(514300012, 'Sumber Gula Manis', NULL, '2024-05-12', 3500000, 56510002),
	(514300013, 'Ragi Kita Semua', NULL, '2024-05-13', 2200000, 56510005),
	(514300014, 'Susu Segar Abadi', NULL, '2024-05-14', 1800000, 56510007),
	(514300015, 'Mentega Lezat Utama', NULL, '2024-05-15', 1200000, 56510009),
	(514300016, 'Cokelat Nikmat Selalu', NULL, '2024-05-16', 1500000, 56510011),
	(514300017, 'Keju Gurih Nusantara', NULL, '2024-05-17', 2000000, 56510013),
	(514300018, 'Telur Ayam Omega', NULL, '2024-05-18', 500000, 56510015),
	(514300019, 'Kismis & Buah Kering', NULL, '2024-05-19', 2800000, 56510017),
	(514300020, 'Vanili Harum Mewangi', NULL, '2024-05-20', 1000000, 56510019),
	(514300021, 'Toko Bahan Kue A', 'Sentosa', '2024-05-21', 4500000, 56510021),
	(514300022, 'CV Pangan Makmur', NULL, '2024-05-22', 3200000, 56510023),
	(514300023, 'UD Roti Sejahtera', NULL, '2024-05-23', 1900000, 56510025),
	(514300024, 'Agen Susu Murni', 'Jaya', '2024-05-24', 1600000, 56510027),
	(514300025, 'Distributor Mentega', 'Rasa', '2024-05-25', 900000, 56510029),
	(514300026, 'Grosir Cokelat Batang', NULL, '2024-05-26', 1300000, 56510031),
	(514300027, 'Supplier Keju Import', NULL, '2024-05-27', 1800000, 56510033),
	(514300028, 'Peternak Telur Organik', NULL, '2024-05-28', 600000, 56510035),
	(514300029, 'Importir Buah Kering', 'Barokah', '2024-05-29', 2600000, 56510037),
	(514300030, 'Perkebunan Vanili Asli', NULL, '2024-05-30', 800000, 56510039),
	(514300031, 'Toko Kimia Makanan Aman', NULL, '2024-06-01', 750000, 56510041),
	(514300032, 'Selai & Filling Enak', NULL, '2024-06-02', 1250000, 56510043),
	(514300033, 'Aneka Meses & Sprinkle', NULL, '2024-06-03', 950000, 56510045),
	(514300034, 'Rempah Nusantara Asli', NULL, '2024-06-04', 650000, 56510047),
	(514300035, 'Pasta & Pewarna Makanan', NULL, '2024-06-05', 550000, 56510049),
	(514300036, 'Kacang & Biji Pilihan', NULL, '2024-06-06', 1450000, 56510051),
	(514300037, 'Minyak & Lemak Sehat', NULL, '2024-06-07', 1750000, 56510053),
	(514300038, 'Gula & Pemanis Alami', NULL, '2024-06-08', 2950000, 56510055),
	(514300039, 'Produk Susu Olahan', 'Terbaik', '2024-06-09', 2150000, 56510057),
	(514300040, 'Bahan Pelengkap Kue', 'Lengkap', '2024-06-10', 1050000, 56510059),
	(514300041, 'PT Sumber Pangan', 'Utama', '2024-06-11', 5200000, 56510061),
	(514300042, 'CV Roti Jaya', 'Bersama', '2024-06-12', 2700000, 56510063),
	(514300043, 'UD Bahan Baku Murah', NULL, '2024-06-13', 1500000, 56510065),
	(514300044, 'Toko Barokah Jaya', NULL, '2024-06-14', 2300000, 56510067),
	(514300045, 'Supplier Mitra Usaha', NULL, '2024-06-15', 1100000, 56510069),
	(514300046, 'Agen Grosir Pangan', NULL, '2024-06-16', 1400000, 56510071),
	(514300047, 'Pusat Bahan Roti', 'Bandung', '2024-06-17', 1900000, 56510073),
	(514300048, 'Koperasi Peternak Susu', NULL, '2024-06-18', 700000, 56510075),
	(514300049, 'Pasar Induk Buah Kering', NULL, '2024-06-19', 2400000, 56510077),
	(514300050, 'Sentra Vanili Indonesia', NULL, '2024-06-20', 900000, 56510079),
	(514300051, 'PD Maju Mundur', 'Kena', '2024-06-21', 850000, 56510051),
	(514300052, 'PT Selai Enak Sekali', NULL, '2024-06-22', 1150000, 56510057),
	(514300053, 'UD Aneka Taburan Lezat', NULL, '2024-06-23', 1050000, 56510059),
	(514300054, 'CV Rempah Wangi Alami', NULL, '2024-06-24', 750000, 56510063),
	(514300055, 'Toko Warna Warni Pangan', NULL, '2024-06-25', 650000, 56510061),
	(514300056, 'Agen Kacang Import Export', NULL, '2024-06-26', 1350000, 56510001),
	(514300057, 'Distributor Minyak Goreng', 'Sehat', '2024-06-27', 1650000, 56510002),
	(514300058, 'Supplier Gula Pasir Curah', NULL, '2024-06-28', 2850000, 56510005),
	(514300059, 'Pabrik Susu Bubuk Nasional', NULL, '2024-06-29', 2050000, 56510007),
	(514300060, 'Toko Aneka Bahan Jadi', NULL, '2024-06-30', 1250000, 56510063),
	(514300061, 'Pemasok Jaya Abadi', NULL, '2024-07-01', 5800000, 56510001),
	(514300062, 'Gula Kita Bersama', NULL, '2024-07-02', 3300000, 56510002),
	(514300063, 'Ragi Super Top', NULL, '2024-07-03', 2100000, 56510005),
	(514300064, 'Susu Nikmat Jaya', NULL, '2024-07-04', 1700000, 56510007),
	(514300065, 'Mentega Enak Poll', NULL, '2024-07-05', 1100000, 56510009),
	(514300066, 'Cokelat Mantap Jiwa', NULL, '2024-07-06', 1400000, 56510011),
	(514300067, 'Keju Enak Banget', NULL, '2024-07-07', 1900000, 56510013),
	(514300068, 'Telur Ayam Sehat', NULL, '2024-07-08', 450000, 56510015),
	(514300069, 'Buah Kering Manis', NULL, '2024-07-09', 2700000, 56510017),
	(514300070, 'Vanili Super Wangi', NULL, '2024-07-10', 950000, 56510019),
	(514300071, 'Bahan Kimia Pangan Oke', NULL, '2024-07-11', 700000, 56510021),
	(514300072, 'Selai Buah Asli', NULL, '2024-07-12', 1200000, 56510023),
	(514300073, 'Meses Cokelat Warna', NULL, '2024-07-13', 900000, 56510025),
	(514300074, 'Rempah Tradisional', NULL, '2024-07-14', 600000, 56510027),
	(514300075, 'Pasta Makanan Alami', NULL, '2024-07-15', 500000, 56510029),
	(514300076, 'Kacang Mede Super', NULL, '2024-07-16', 1400000, 56510031),
	(514300077, 'Minyak Zaitun Murni', NULL, '2024-07-17', 1700000, 56510033),
	(514300078, 'Gula Aren Pilihan', NULL, '2024-07-18', 2900000, 56510035),
	(514300079, 'Susu Kental Manis Cap Enak', NULL, '2024-07-19', 2100000, 56510037),
	(514300080, 'Bahan Kue Lengkap Jaya', NULL, '2024-07-20', 1000000, 56510039),
	(514300081, 'PT Pangan Sejahtera', 'Mulia', '2024-07-21', 5100000, 56510041),
	(514300082, 'CV Usaha Roti Mandiri', NULL, '2024-07-22', 2600000, 56510043),
	(514300083, 'UD Sinar Pagi Cerah', NULL, '2024-07-23', 1400000, 56510045),
	(514300084, 'Toko Amanah Sentosa', NULL, '2024-07-24', 2200000, 56510047),
	(514300085, 'Supplier Berkah Usaha', NULL, '2024-07-25', 1000000, 56510049),
	(514300086, 'Agen Pangan Terpercaya', NULL, '2024-07-26', 1300000, 56510051),
	(514300087, 'Pusat Bahan Kue Solo', NULL, '2024-07-27', 1800000, 56510053),
	(514300088, 'Koperasi Tani Makmur', NULL, '2024-07-28', 650000, 56510055),
	(514300089, 'Pasar Grosir Buah Import', NULL, '2024-07-29', 2300000, 56510057),
	(514300090, 'Sentra Rempah Indonesia', NULL, '2024-07-30', 850000, 56510059),
	(514300091, 'PD Lancar Jaya Selalu', NULL, '2024-07-31', 800000, 56510061),
	(514300092, 'PT Filling Top Markotop', NULL, '2024-08-01', 1100000, 56510063),
	(514300093, 'UD Taburan Pelangi Rasa', NULL, '2024-08-02', 1000000, 56510065),
	(514300094, 'CV Bumbu Dapur Lengkap', NULL, '2024-08-03', 700000, 56510067),
	(514300095, 'Toko Pewarna Makanan Alami', NULL, '2024-08-04', 600000, 56510069),
	(514300096, 'Agen Biji Bunga Matahari', NULL, '2024-08-05', 1300000, 56510071),
	(514300097, 'Distributor Lemak Nabati', 'Sehat', '2024-08-06', 1600000, 56510073),
	(514300098, 'Supplier Gula Merah Curah', NULL, '2024-08-07', 2800000, 56510075),
	(514300099, 'Pabrik Krimer Nasional', NULL, '2024-08-08', 2000000, 56510077),
	(514300100, 'Toko Perlengkapan Bakery', 'Oke', '2024-08-09', 1200000, 56510079);

-- Dumping structure for table tubes_basisdata_tokorotiyolanda.penggunaan_bahanbaku
CREATE TABLE IF NOT EXISTS `penggunaan_bahanbaku` (
  `Nomor_Penggunaan` int(11) NOT NULL,
  `Tanggal_Penggunaan` date DEFAULT NULL,
  `Jumlah_Penggunaan` int(11) DEFAULT NULL,
  `IDCabang_Produksi` int(11) DEFAULT NULL,
  PRIMARY KEY (`Nomor_Penggunaan`),
  KEY `IDCabang_Produksi` (`IDCabang_Produksi`),
  CONSTRAINT `penggunaan_bahanbaku_ibfk_1` FOREIGN KEY (`IDCabang_Produksi`) REFERENCES `produksi` (`IDCabang_Produksi`)
) ENGINE=InnoDB DEFAULT CHARSET=utf8mb4 COLLATE=utf8mb4_uca1400_ai_ci;

-- Dumping data for table tubes_basisdata_tokorotiyolanda.penggunaan_bahanbaku: ~100 rows (approximately)
INSERT INTO `penggunaan_bahanbaku` (`Nomor_Penggunaan`, `Tanggal_Penggunaan`, `Jumlah_Penggunaan`, `IDCabang_Produksi`) VALUES
	(827600001, '2024-05-11', 50, 56510001),
	(827600002, '2024-05-12', 30, 56510007),
	(827600003, '2024-05-13', 20, 56510002),
	(827600004, '2024-05-14', 10, 56510005),
	(827600005, '2024-05-15', 25, 56510009),
	(827600006, '2024-05-16', 35, 56510009),
	(827600007, '2024-05-17', 40, 56510005),
	(827600008, '2024-05-18', 45, 56510002),
	(827600009, '2024-05-19', 15, 56510007),
	(827600010, '2024-05-20', 22, 56510001),
	(827600011, '2024-05-21', 40, 56510001),
	(827600012, '2024-05-22', 25, 56510002),
	(827600013, '2024-05-23', 15, 56510005),
	(827600014, '2024-05-24', 30, 56510007),
	(827600015, '2024-05-25', 35, 56510009),
	(827600016, '2024-05-26', 20, 56510011),
	(827600017, '2024-05-27', 28, 56510013),
	(827600018, '2024-05-28', 33, 56510015),
	(827600019, '2024-05-29', 18, 56510017),
	(827600020, '2024-05-30', 26, 56510019),
	(827600021, '2024-05-31', 52, 56510021),
	(827600022, '2024-06-01', 31, 56510023),
	(827600023, '2024-06-02', 21, 56510025),
	(827600024, '2024-06-03', 12, 56510027),
	(827600025, '2024-06-04', 41, 56510029),
	(827600026, '2024-06-05', 23, 56510031),
	(827600027, '2024-06-06', 36, 56510033),
	(827600028, '2024-06-07', 17, 56510035),
	(827600029, '2024-06-08', 29, 56510037),
	(827600030, '2024-06-09', 38, 56510039),
	(827600031, '2024-06-10', 43, 56510041),
	(827600032, '2024-06-11', 27, 56510043),
	(827600033, '2024-06-12', 19, 56510045),
	(827600034, '2024-06-13', 32, 56510047),
	(827600035, '2024-06-14', 39, 56510049),
	(827600036, '2024-06-15', 22, 56510051),
	(827600037, '2024-06-16', 48, 56510053),
	(827600038, '2024-06-17', 14, 56510055),
	(827600039, '2024-06-18', 26, 56510057),
	(827600040, '2024-06-19', 37, 56510059),
	(827600041, '2024-06-20', 42, 56510061),
	(827600042, '2024-06-21', 24, 56510063),
	(827600043, '2024-06-22', 16, 56510065),
	(827600044, '2024-06-23', 34, 56510067),
	(827600045, '2024-06-24', 47, 56510069),
	(827600046, '2024-06-25', 20, 56510071),
	(827600047, '2024-06-26', 45, 56510073),
	(827600048, '2024-06-27', 13, 56510075),
	(827600049, '2024-06-28', 25, 56510077),
	(827600050, '2024-06-29', 36, 56510079),
	(827600051, '2024-06-30', 41, 56510041),
	(827600052, '2024-07-01', 22, 56510043),
	(827600053, '2024-07-02', 15, 56510045),
	(827600054, '2024-07-03', 33, 56510047),
	(827600055, '2024-07-04', 46, 56510049),
	(827600056, '2024-07-05', 19, 56510051),
	(827600057, '2024-07-06', 44, 56510053),
	(827600058, '2024-07-07', 12, 56510055),
	(827600059, '2024-07-08', 27, 56510057),
	(827600060, '2024-07-09', 38, 56510059),
	(827600061, '2024-07-10', 40, 56510061),
	(827600062, '2024-07-11', 26, 56510002),
	(827600063, '2024-07-12', 17, 56510005),
	(827600064, '2024-07-13', 31, 56510007),
	(827600065, '2024-07-14', 37, 56510009),
	(827600066, '2024-07-15', 21, 56510011),
	(827600067, '2024-07-16', 29, 56510013),
	(827600068, '2024-07-17', 35, 56510015),
	(827600069, '2024-07-18', 16, 56510017),
	(827600070, '2024-07-19', 28, 56510019),
	(827600071, '2024-07-20', 50, 56510021),
	(827600072, '2024-07-21', 30, 56510023),
	(827600073, '2024-07-22', 20, 56510025),
	(827600074, '2024-07-23', 11, 56510027),
	(827600075, '2024-07-24', 40, 56510029),
	(827600076, '2024-07-25', 24, 56510031),
	(827600077, '2024-07-26', 37, 56510033),
	(827600078, '2024-07-27', 18, 56510035),
	(827600079, '2024-07-28', 30, 56510037),
	(827600080, '2024-07-29', 39, 56510039),
	(827600081, '2024-07-30', 45, 56510041),
	(827600082, '2024-07-31', 28, 56510043),
	(827600083, '2024-08-01', 18, 56510045),
	(827600084, '2024-08-02', 33, 56510047),
	(827600085, '2024-08-03', 40, 56510049),
	(827600086, '2024-08-04', 23, 56510051),
	(827600087, '2024-08-05', 49, 56510053),
	(827600088, '2024-08-06', 15, 56510055),
	(827600089, '2024-08-07', 27, 56510057),
	(827600090, '2024-08-08', 39, 56510059),
	(827600091, '2024-08-09', 43, 56510061),
	(827600092, '2024-08-10', 25, 56510063),
	(827600093, '2024-08-11', 17, 56510065),
	(827600094, '2024-08-12', 35, 56510067),
	(827600095, '2024-08-13', 48, 56510069),
	(827600096, '2024-08-14', 21, 56510071),
	(827600097, '2024-08-15', 46, 56510073),
	(827600098, '2024-08-16', 14, 56510075),
	(827600099, '2024-08-17', 26, 56510077),
	(827600100, '2024-08-18', 37, 56510079);

-- Dumping structure for table tubes_basisdata_tokorotiyolanda.pengiriman_cabangproduksi
CREATE TABLE IF NOT EXISTS `pengiriman_cabangproduksi` (
  `IDCabang_Produksi` int(11) NOT NULL,
  `ID_Pengiriman` int(11) NOT NULL,
  PRIMARY KEY (`IDCabang_Produksi`,`ID_Pengiriman`),
  KEY `ID_Pengiriman` (`ID_Pengiriman`),
  CONSTRAINT `pengiriman_cabangproduksi_ibfk_1` FOREIGN KEY (`IDCabang_Produksi`) REFERENCES `produksi` (`IDCabang_Produksi`),
  CONSTRAINT `pengiriman_cabangproduksi_ibfk_2` FOREIGN KEY (`ID_Pengiriman`) REFERENCES `pengiriman_produk` (`ID_Pengiriman`)
) ENGINE=InnoDB DEFAULT CHARSET=utf8mb4 COLLATE=utf8mb4_uca1400_ai_ci;

-- Dumping data for table tubes_basisdata_tokorotiyolanda.pengiriman_cabangproduksi: ~100 rows (approximately)
INSERT INTO `pengiriman_cabangproduksi` (`IDCabang_Produksi`, `ID_Pengiriman`) VALUES
	(56510001, 208500001),
	(56510002, 208500002),
	(56510005, 208500003),
	(56510005, 208500004),
	(56510002, 208500005),
	(56510007, 208500006),
	(56510009, 208500007),
	(56510009, 208500008),
	(56510001, 208500009),
	(56510009, 208500010),
	(56510011, 208500011),
	(56510013, 208500012),
	(56510015, 208500013),
	(56510017, 208500014),
	(56510019, 208500015),
	(56510021, 208500016),
	(56510023, 208500017),
	(56510025, 208500018),
	(56510027, 208500019),
	(56510029, 208500020),
	(56510031, 208500021),
	(56510033, 208500022),
	(56510035, 208500023),
	(56510037, 208500024),
	(56510039, 208500025),
	(56510041, 208500026),
	(56510043, 208500027),
	(56510045, 208500028),
	(56510047, 208500029),
	(56510049, 208500030),
	(56510051, 208500031),
	(56510053, 208500032),
	(56510055, 208500033),
	(56510057, 208500034),
	(56510059, 208500035),
	(56510061, 208500036),
	(56510063, 208500037),
	(56510065, 208500038),
	(56510067, 208500039),
	(56510069, 208500040),
	(56510071, 208500041),
	(56510073, 208500042),
	(56510075, 208500043),
	(56510077, 208500044),
	(56510079, 208500045),
	(56510011, 208500046),
	(56510023, 208500047),
	(56510035, 208500048),
	(56510017, 208500049),
	(56510029, 208500050),
	(56510021, 208500051),
	(56510013, 208500052),
	(56510015, 208500053),
	(56510017, 208500054),
	(56510029, 208500055),
	(56510001, 208500056),
	(56510002, 208500057),
	(56510005, 208500058),
	(56510007, 208500059),
	(56510009, 208500060),
	(56510011, 208500061),
	(56510013, 208500062),
	(56510015, 208500063),
	(56510017, 208500064),
	(56510019, 208500065),
	(56510021, 208500066),
	(56510023, 208500067),
	(56510025, 208500068),
	(56510027, 208500069),
	(56510029, 208500070),
	(56510031, 208500071),
	(56510033, 208500072),
	(56510035, 208500073),
	(56510037, 208500074),
	(56510039, 208500075),
	(56510041, 208500076),
	(56510043, 208500077),
	(56510045, 208500078),
	(56510047, 208500079),
	(56510049, 208500080),
	(56510051, 208500081),
	(56510053, 208500082),
	(56510055, 208500083),
	(56510057, 208500084),
	(56510059, 208500085),
	(56510061, 208500086),
	(56510063, 208500087),
	(56510065, 208500088),
	(56510067, 208500089),
	(56510069, 208500090),
	(56510071, 208500091),
	(56510073, 208500092),
	(56510075, 208500093),
	(56510077, 208500094),
	(56510079, 208500095),
	(56510001, 208500096),
	(56510013, 208500097),
	(56510015, 208500098),
	(56510027, 208500099),
	(56510013, 208500100);

-- Dumping structure for table tubes_basisdata_tokorotiyolanda.pengiriman_produk
CREATE TABLE IF NOT EXISTS `pengiriman_produk` (
  `ID_Pengiriman` int(11) NOT NULL,
  `tanggal_Pengiriman` date DEFAULT NULL,
  `Jumlah_Dikirim` int(11) DEFAULT NULL,
  `IDCabang_Jual` int(11) DEFAULT NULL,
  PRIMARY KEY (`ID_Pengiriman`),
  KEY `IDCabang_Jual` (`IDCabang_Jual`),
  CONSTRAINT `pengiriman_produk_ibfk_1` FOREIGN KEY (`IDCabang_Jual`) REFERENCES `penjualan` (`IDCabang_Jual`)
) ENGINE=InnoDB DEFAULT CHARSET=utf8mb4 COLLATE=utf8mb4_uca1400_ai_ci;

-- Dumping data for table tubes_basisdata_tokorotiyolanda.pengiriman_produk: ~100 rows (approximately)
INSERT INTO `pengiriman_produk` (`ID_Pengiriman`, `tanggal_Pengiriman`, `Jumlah_Dikirim`, `IDCabang_Jual`) VALUES
	(208500001, '2024-05-23', 100, 56510003),
	(208500002, '2024-05-23', 120, 56510003),
	(208500003, '2024-05-24', 90, 56510006),
	(208500004, '2024-05-24', 80, 56510004),
	(208500005, '2024-05-25', 110, 56510010),
	(208500006, '2024-05-25', 130, 56510008),
	(208500007, '2024-05-26', 140, 56510010),
	(208500008, '2024-05-26', 100, 56510004),
	(208500009, '2024-05-27', 115, 56510006),
	(208500010, '2024-05-27', 125, 56510003),
	(208500011, '2025-05-03', 110, 56510004),
	(208500012, '2025-05-03', 130, 56510012),
	(208500013, '2025-05-04', 95, 56510006),
	(208500014, '2025-05-04', 85, 56510014),
	(208500015, '2025-05-05', 115, 56510008),
	(208500016, '2025-05-05', 135, 56510016),
	(208500017, '2025-05-06', 145, 56510010),
	(208500018, '2025-05-06', 105, 56510018),
	(208500019, '2025-05-07', 120, 56510003),
	(208500020, '2025-05-07', 128, 56510020),
	(208500021, '2025-05-08', 100, 56510022),
	(208500022, '2025-05-08', 118, 56510024),
	(208500023, '2025-05-09', 88, 56510026),
	(208500024, '2025-05-09', 78, 56510028),
	(208500025, '2025-05-10', 108, 56510030),
	(208500026, '2025-05-10', 126, 56510032),
	(208500027, '2025-05-11', 136, 56510034),
	(208500028, '2025-05-11', 96, 56510036),
	(208500029, '2025-05-12', 111, 56510038),
	(208500030, '2025-05-12', 119, 56510040),
	(208500031, '2025-05-13', 102, 56510042),
	(208500032, '2025-05-13', 122, 56510044),
	(208500033, '2025-05-14', 92, 56510046),
	(208500034, '2025-05-14', 82, 56510048),
	(208500035, '2025-05-15', 112, 56510050),
	(208500036, '2025-05-15', 132, 56510052),
	(208500037, '2025-05-16', 142, 56510054),
	(208500038, '2025-05-16', 102, 56510056),
	(208500039, '2025-05-17', 117, 56510058),
	(208500040, '2025-05-17', 125, 56510060),
	(208500041, '2025-05-18', 98, 56510062),
	(208500042, '2025-05-18', 116, 56510064),
	(208500043, '2025-05-19', 86, 56510066),
	(208500044, '2025-05-19', 76, 56510068),
	(208500045, '2025-05-20', 106, 56510070),
	(208500046, '2025-05-20', 124, 56510072),
	(208500047, '2025-05-21', 134, 56510074),
	(208500048, '2025-05-21', 94, 56510076),
	(208500049, '2025-05-22', 109, 56510078),
	(208500050, '2025-05-22', 117, 56510080),
	(208500051, '2025-05-23', 100, 56510020),
	(208500052, '2025-05-23', 120, 56510044),
	(208500053, '2025-05-24', 90, 56510046),
	(208500054, '2025-05-24', 80, 56510048),
	(208500055, '2025-05-25', 110, 56510020),
	(208500056, '2025-05-25', 130, 56510072),
	(208500057, '2025-05-26', 140, 56510074),
	(208500058, '2025-05-26', 100, 56510076),
	(208500059, '2025-05-27', 115, 56510078),
	(208500060, '2025-05-27', 125, 56510080),
	(208500061, '2025-05-28', 93, 56510003),
	(208500062, '2025-05-28', 113, 56510012),
	(208500063, '2025-05-29', 83, 56510006),
	(208500064, '2025-05-29', 73, 56510014),
	(208500065, '2025-05-30', 103, 56510008),
	(208500066, '2025-05-30', 123, 56510016),
	(208500067, '2025-05-31', 133, 56510010),
	(208500068, '2025-05-31', 93, 56510018),
	(208500069, '2025-06-01', 108, 56510004),
	(208500070, '2025-06-01', 116, 56510020),
	(208500071, '2025-06-02', 99, 56510022),
	(208500072, '2025-06-02', 119, 56510024),
	(208500073, '2025-06-03', 89, 56510026),
	(208500074, '2025-06-03', 79, 56510028),
	(208500075, '2025-06-04', 109, 56510030),
	(208500076, '2025-06-04', 129, 56510032),
	(208500077, '2025-06-05', 139, 56510034),
	(208500078, '2025-06-05', 99, 56510036),
	(208500079, '2025-06-06', 114, 56510038),
	(208500080, '2025-06-06', 122, 56510040),
	(208500081, '2025-06-07', 101, 56510042),
	(208500082, '2025-06-07', 121, 56510044),
	(208500083, '2025-06-08', 91, 56510046),
	(208500084, '2025-06-08', 81, 56510048),
	(208500085, '2025-06-09', 111, 56510050),
	(208500086, '2025-06-09', 131, 56510052),
	(208500087, '2025-06-10', 141, 56510054),
	(208500088, '2025-06-10', 101, 56510056),
	(208500089, '2025-06-11', 116, 56510058),
	(208500090, '2025-06-11', 124, 56510060),
	(208500091, '2025-06-12', 97, 56510062),
	(208500092, '2025-06-12', 117, 56510064),
	(208500093, '2025-06-13', 87, 56510066),
	(208500094, '2025-06-13', 77, 56510068),
	(208500095, '2025-06-14', 107, 56510070),
	(208500096, '2025-06-14', 127, 56510072),
	(208500097, '2025-06-15', 137, 56510074),
	(208500098, '2025-06-15', 97, 56510076),
	(208500099, '2025-06-16', 112, 56510078),
	(208500100, '2025-06-16', 120, 56510080);

-- Dumping structure for table tubes_basisdata_tokorotiyolanda.penjualan
CREATE TABLE IF NOT EXISTS `penjualan` (
  `IDCabang_Jual` int(11) NOT NULL,
  `Rating_Penjualan` decimal(2,1) DEFAULT NULL,
  PRIMARY KEY (`IDCabang_Jual`),
  CONSTRAINT `penjualan_ibfk_1` FOREIGN KEY (`IDCabang_Jual`) REFERENCES `cabang` (`ID_Cabang`)
) ENGINE=InnoDB DEFAULT CHARSET=utf8mb4 COLLATE=utf8mb4_uca1400_ai_ci;

-- Dumping data for table tubes_basisdata_tokorotiyolanda.penjualan: ~40 rows (approximately)
INSERT INTO `penjualan` (`IDCabang_Jual`, `Rating_Penjualan`) VALUES
	(56510003, 4.5),
	(56510004, 4.7),
	(56510006, 4.6),
	(56510008, 4.3),
	(56510010, 4.8),
	(56510012, 4.2),
	(56510014, 4.8),
	(56510016, 4.1),
	(56510018, 4.5),
	(56510020, 4.0),
	(56510022, 3.9),
	(56510024, 4.7),
	(56510026, 4.3),
	(56510028, 4.6),
	(56510030, 3.8),
	(56510032, 4.4),
	(56510034, 4.0),
	(56510036, 4.9),
	(56510038, 4.2),
	(56510040, 4.5),
	(56510042, 4.1),
	(56510044, 4.7),
	(56510046, 4.3),
	(56510048, 4.8),
	(56510050, 4.0),
	(56510052, 3.9),
	(56510054, 4.6),
	(56510056, 4.2),
	(56510058, 4.5),
	(56510060, 4.1),
	(56510062, 4.8),
	(56510064, 4.3),
	(56510066, 4.7),
	(56510068, 3.8),
	(56510070, 4.4),
	(56510072, 4.0),
	(56510074, 4.9),
	(56510076, 4.2),
	(56510078, 4.6),
	(56510080, 4.1);

-- Dumping structure for table tubes_basisdata_tokorotiyolanda.produksi
CREATE TABLE IF NOT EXISTS `produksi` (
  `IDCabang_Produksi` int(11) NOT NULL,
  `Luas_Gudang` decimal(7,2) DEFAULT NULL,
  `Luas_Dapur` decimal(7,2) DEFAULT NULL,
  PRIMARY KEY (`IDCabang_Produksi`),
  CONSTRAINT `produksi_ibfk_1` FOREIGN KEY (`IDCabang_Produksi`) REFERENCES `cabang` (`ID_Cabang`)
) ENGINE=InnoDB DEFAULT CHARSET=utf8mb4 COLLATE=utf8mb4_uca1400_ai_ci;

-- Dumping data for table tubes_basisdata_tokorotiyolanda.produksi: ~40 rows (approximately)
INSERT INTO `produksi` (`IDCabang_Produksi`, `Luas_Gudang`, `Luas_Dapur`) VALUES
	(56510001, 324.10, 273.20),
	(56510002, 187.30, 147.50),
	(56510005, 298.80, 212.60),
	(56510007, 196.32, 187.51),
	(56510009, 253.43, 224.52),
	(56510011, 200.00, 150.00),
	(56510013, 180.00, 130.00),
	(56510015, 210.50, 160.50),
	(56510017, 195.00, 145.00),
	(56510019, 220.80, 170.80),
	(56510021, 175.00, 125.00),
	(56510023, 205.30, 155.30),
	(56510025, 190.00, 140.00),
	(56510027, 230.60, 180.60),
	(56510029, 170.00, 120.00),
	(56510031, 200.00, 150.00),
	(56510033, 185.00, 135.00),
	(56510035, 215.90, 165.90),
	(56510037, 198.00, 148.00),
	(56510039, 225.20, 175.20),
	(56510041, 165.00, 115.00),
	(56510043, 195.00, 145.00),
	(56510045, 180.00, 130.00),
	(56510047, 210.00, 160.00),
	(56510049, 170.00, 120.00),
	(56510051, 205.00, 155.00),
	(56510053, 190.00, 140.00),
	(56510055, 220.00, 170.00),
	(56510057, 175.00, 125.00),
	(56510059, 200.70, 150.70),
	(56510061, 185.00, 135.00),
	(56510063, 215.00, 165.00),
	(56510065, 198.00, 148.00),
	(56510067, 225.00, 175.00),
	(56510069, 160.40, 110.40),
	(56510071, 190.00, 140.00),
	(56510073, 175.00, 125.00),
	(56510075, 205.00, 155.00),
	(56510077, 188.00, 138.00),
	(56510079, 218.00, 168.00);

-- Dumping structure for table tubes_basisdata_tokorotiyolanda.produk_roti
CREATE TABLE IF NOT EXISTS `produk_roti` (
  `ID_Produk` int(11) NOT NULL,
  `NamaProduk_First` varchar(50) DEFAULT NULL,
  `NamaProduk_Last` varchar(50) DEFAULT NULL,
  `Jenis_Produk` varchar(25) DEFAULT NULL,
  `Harga_Produk` int(11) DEFAULT NULL,
  PRIMARY KEY (`ID_Produk`)
) ENGINE=InnoDB DEFAULT CHARSET=utf8mb4 COLLATE=utf8mb4_uca1400_ai_ci;

-- Dumping data for table tubes_basisdata_tokorotiyolanda.produk_roti: ~35 rows (approximately)
INSERT INTO `produk_roti` (`ID_Produk`, `NamaProduk_First`, `NamaProduk_Last`, `Jenis_Produk`, `Harga_Produk`) VALUES
	(23270001, 'Roti', 'Tawar', 'Roti', 15000),
	(23270002, 'Roti', 'Manis', 'Roti', 20000),
	(23270003, 'Donat', 'Coklat', 'Kue', 12000),
	(23270004, 'Cake', 'Coklat', 'Kue', 35000),
	(23270005, 'Roti', 'Keju', 'Roti', 18000),
	(23270006, 'Roti', 'Kismis', 'Roti', 17000),
	(23270007, 'Brownies', 'Panggang', 'Kue', 22000),
	(23270008, 'Tart', 'Buah', 'Kue', 40000),
	(23270009, 'Croissant', 'Mentega', 'Roti', 27000),
	(23270010, 'Biskuit', 'Susu', 'Kue', 11000),
	(23270011, 'Muffin', 'Vanila', 'Kue', 10000),
	(23270012, 'Baguette', 'Original', 'Roti', 25000),
	(23270013, 'Pie', 'Apel', 'Kue', 30000),
	(23270014, 'Roti', 'Gandum Utuh', 'Roti', 19000),
	(23270015, 'Cheesecake', 'Strawberry', 'Kue', 45000),
	(23270016, 'Donat', 'Gula Halus', 'Kue', 8000),
	(23270017, 'Pastry', 'Cokelat Keju', 'Roti', 28000),
	(23270018, 'Cupcake', 'Red Velvet', 'Kue', 15000),
	(23270019, 'Roti', 'Sobek Coklat', 'Roti', 22000),
	(23270020, 'Bolu', 'Pandan', 'Kue', 20000),
	(23270021, 'Pizza', 'Mini Sosis', 'Roti', 18000),
	(23270022, 'Scone', 'Kismis', 'Kue', 12000),
	(23270023, 'Pretzel', 'Salted', 'Roti', 16000),
	(23270024, 'Macaron', 'Aneka Rasa', 'Kue', 35000),
	(23270025, 'Focaccia', 'Rosemary', 'Roti', 27000),
	(23270026, 'Madeleine', 'Original', 'Kue', 22000),
	(23270027, 'Ciabatta', NULL, 'Roti', 24000),
	(23270028, 'Eclair', 'Coklat', 'Kue', 17000),
	(23270029, 'Bagel', 'Polos', 'Roti', 14000),
	(23270030, 'Lapis', 'Surabaya', 'Kue', 120000),
	(23270031, 'Roti', 'Gambang', 'Roti', 13000),
	(23270032, 'Kue', 'Lumpur Kentang', 'Kue', 7000),
	(23270033, 'Brioche', NULL, 'Roti', 26000),
	(23270034, 'Pound', 'Cake Lemon', 'Kue', 32000),
	(23270035, 'Roti', 'Susu Hokkaido', 'Roti', 30000);

-- Dumping structure for table tubes_basisdata_tokorotiyolanda.resep
CREATE TABLE IF NOT EXISTS `resep` (
  `ID_Resep` int(11) NOT NULL,
  `ID_Produk` int(11) DEFAULT NULL,
  PRIMARY KEY (`ID_Resep`),
  KEY `ID_Produk` (`ID_Produk`),
  CONSTRAINT `resep_ibfk_1` FOREIGN KEY (`ID_Produk`) REFERENCES `produk_roti` (`ID_Produk`)
) ENGINE=InnoDB DEFAULT CHARSET=utf8mb4 COLLATE=utf8mb4_uca1400_ai_ci;

-- Dumping data for table tubes_basisdata_tokorotiyolanda.resep: ~35 rows (approximately)
INSERT INTO `resep` (`ID_Resep`, `ID_Produk`) VALUES
	(44560001, 23270001),
	(44560002, 23270002),
	(44560003, 23270003),
	(44560004, 23270004),
	(44560005, 23270005),
	(44560006, 23270006),
	(44560007, 23270007),
	(44560008, 23270008),
	(44560009, 23270009),
	(44560010, 23270010),
	(44560011, 23270011),
	(44560012, 23270012),
	(44560013, 23270013),
	(44560014, 23270014),
	(44560015, 23270015),
	(44560016, 23270016),
	(44560017, 23270017),
	(44560018, 23270018),
	(44560019, 23270019),
	(44560020, 23270020),
	(44560021, 23270021),
	(44560022, 23270022),
	(44560023, 23270023),
	(44560024, 23270024),
	(44560025, 23270025),
	(44560026, 23270026),
	(44560027, 23270027),
	(44560028, 23270028),
	(44560029, 23270029),
	(44560030, 23270030),
	(44560031, 23270031),
	(44560032, 23270032),
	(44560033, 23270033),
	(44560034, 23270034),
	(44560035, 23270035);

-- Dumping structure for table tubes_basisdata_tokorotiyolanda.transaksi_penjualan
CREATE TABLE IF NOT EXISTS `transaksi_penjualan` (
  `ID_Transaksi` int(11) NOT NULL,
  `IDCabang_Jual` int(11) DEFAULT NULL,
  `ID_Member` int(11) DEFAULT NULL,
  `Tanggal_Transaksi` datetime DEFAULT NULL,
  `TotalHarga_Transaksi` int(11) DEFAULT NULL,
  PRIMARY KEY (`ID_Transaksi`),
  KEY `IDCabang_Jual` (`IDCabang_Jual`),
  KEY `ID_Member` (`ID_Member`),
  CONSTRAINT `transaksi_penjualan_ibfk_1` FOREIGN KEY (`IDCabang_Jual`) REFERENCES `penjualan` (`IDCabang_Jual`),
  CONSTRAINT `transaksi_penjualan_ibfk_2` FOREIGN KEY (`ID_Member`) REFERENCES `member_` (`ID_Member`)
) ENGINE=InnoDB DEFAULT CHARSET=utf8mb4 COLLATE=utf8mb4_uca1400_ai_ci;

-- Dumping data for table tubes_basisdata_tokorotiyolanda.transaksi_penjualan: ~100 rows (approximately)
INSERT INTO `transaksi_penjualan` (`ID_Transaksi`, `IDCabang_Jual`, `ID_Member`, `Tanggal_Transaksi`, `TotalHarga_Transaksi`) VALUES
	(653700001, 56510003, 810001, '2024-05-21 10:00:00', 30000),
	(653700002, 56510003, NULL, '2024-05-21 11:00:00', 40000),
	(653700003, 56510003, 810002, '2024-05-21 12:00:00', 25000),
	(653700004, 56510003, 810005, '2024-05-21 13:00:00', 35000),
	(653700005, 56510003, 810006, '2024-05-21 14:00:00', 28000),
	(653700006, 56510003, 810003, '2024-05-21 15:00:00', 37000),
	(653700007, 56510003, 810009, '2024-05-22 10:30:00', 42000),
	(653700008, 56510003, 810010, '2024-05-22 11:30:00', 22000),
	(653700009, 56510003, NULL, '2024-05-22 12:30:00', 38000),
	(653700010, 56510003, 810004, '2024-05-22 13:30:00', 31000),
	(653700011, 56510004, 810011, '2025-05-01 08:00:00', 55000),
	(653700012, 56510012, NULL, '2025-05-01 09:15:00', 25000),
	(653700013, 56510006, 810015, '2025-05-01 10:30:00', 75000),
	(653700014, 56510014, 810022, '2025-05-01 11:45:00', 48000),
	(653700015, 56510008, NULL, '2025-05-01 13:00:00', 62000),
	(653700016, 56510016, 810030, '2025-05-02 08:30:00', 33000),
	(653700017, 56510010, 810007, '2025-05-02 09:45:00', 89000),
	(653700018, 56510018, NULL, '2025-05-02 11:00:00', 41000),
	(653700019, 56510003, 810035, '2025-05-02 12:15:00', 95000),
	(653700020, 56510020, 810032, '2025-05-02 13:30:00', 58000),
	(653700021, 56510022, NULL, '2025-05-03 09:00:00', 30000),
	(653700022, 56510024, 810010, '2025-05-03 10:15:00', 67000),
	(653700023, 56510026, 810013, '2025-05-03 11:30:00', 42000),
	(653700024, 56510028, NULL, '2025-05-03 12:45:00', 72000),
	(653700025, 56510030, 810028, '2025-05-03 14:00:00', 51000),
	(653700026, 56510032, 810033, '2025-05-04 08:00:00', 39000),
	(653700027, 56510034, NULL, '2025-05-04 09:15:00', 80000),
	(653700028, 56510036, 810008, '2025-05-04 10:30:00', 46000),
	(653700029, 56510038, 810015, '2025-05-04 11:45:00', 60000),
	(653700030, 56510040, NULL, '2025-05-04 13:00:00', 53000),
	(653700031, 56510042, 810023, '2025-05-05 08:30:00', 70000),
	(653700032, 56510044, 810017, '2025-05-05 09:45:00', 36000),
	(653700033, 56510046, NULL, '2025-05-05 11:00:00', 85000),
	(653700034, 56510048, 810007, '2025-05-05 12:15:00', 49000),
	(653700035, 56510050, 810022, '2025-05-05 13:30:00', 65000),
	(653700036, 56510052, NULL, '2025-05-06 09:00:00', 32000),
	(653700037, 56510054, 810018, '2025-05-06 10:15:00', 77000),
	(653700038, 56510056, 810028, '2025-05-06 11:30:00', 43000),
	(653700039, 56510058, NULL, '2025-05-06 12:45:00', 92000),
	(653700040, 56510060, 810002, '2025-05-06 14:00:00', 50000),
	(653700041, 56510062, 810020, '2025-05-07 08:00:00', 68000),
	(653700042, 56510064, NULL, '2025-05-07 09:15:00', 34000),
	(653700043, 56510066, 810035, '2025-05-07 10:30:00', 82000),
	(653700044, 56510068, 810030, '2025-05-07 11:45:00', 47000),
	(653700045, 56510070, NULL, '2025-05-07 13:00:00', 63000),
	(653700046, 56510072, 810025, '2025-05-08 08:30:00', 31000),
	(653700047, 56510074, 810020, '2025-05-08 09:45:00', 88000),
	(653700048, 56510076, NULL, '2025-05-08 11:00:00', 40000),
	(653700049, 56510078, 810010, '2025-05-08 12:15:00', 97000),
	(653700050, 56510080, 810020, '2025-05-08 13:30:00', 56000),
	(653700051, 56510052, NULL, '2025-05-09 09:00:00', 29000),
	(653700052, 56510044, 810005, '2025-05-09 10:15:00', 74000),
	(653700053, 56510056, 810012, '2025-05-09 11:30:00', 44000),
	(653700054, 56510048, NULL, '2025-05-09 12:45:00', 90000),
	(653700055, 56510060, 810025, '2025-05-09 14:00:00', 52000),
	(653700056, 56510052, 810032, '2025-05-10 08:00:00', 69000),
	(653700057, 56510064, NULL, '2025-05-10 09:15:00', 37000),
	(653700058, 56510066, 810010, '2025-05-10 10:30:00', 84000),
	(653700059, 56510068, 810003, '2025-05-10 11:45:00', 48000),
	(653700060, 56510080, NULL, '2025-05-10 13:00:00', 66000),
	(653700061, 56510003, 810001, '2025-05-11 08:30:00', 30000),
	(653700062, 56510012, 810009, '2025-05-11 09:45:00', 78000),
	(653700063, 56510006, NULL, '2025-05-11 11:00:00', 45000),
	(653700064, 56510014, 810005, '2025-05-11 12:15:00', 93000),
	(653700065, 56510008, 810001, '2025-05-11 13:30:00', 54000),
	(653700066, 56510016, NULL, '2025-05-12 09:00:00', 28000),
	(653700067, 56510010, 810028, '2025-05-12 10:15:00', 76000),
	(653700068, 56510018, 810032, '2025-05-12 11:30:00', 42000),
	(653700069, 56510004, NULL, '2025-05-12 12:45:00', 89000),
	(653700070, 56510020, 810009, '2025-05-12 14:00:00', 57000),
	(653700071, 56510022, 810002, '2025-05-13 08:00:00', 67000),
	(653700072, 56510024, NULL, '2025-05-13 09:15:00', 35000),
	(653700073, 56510026, 810009, '2025-05-13 10:30:00', 83000),
	(653700074, 56510028, 810019, '2025-05-13 11:45:00', 48000),
	(653700075, 56510030, NULL, '2025-05-13 13:00:00', 64000),
	(653700076, 56510032, 810029, '2025-05-14 08:30:00', 33000),
	(653700077, 56510034, 810009, '2025-05-14 09:45:00', 80000),
	(653700078, 56510036, NULL, '2025-05-14 11:00:00', 41000),
	(653700079, 56510038, 810019, '2025-05-14 12:15:00', 95000),
	(653700080, 56510040, 810029, '2025-05-14 13:30:00', 59000),
	(653700081, 56510042, NULL, '2025-05-15 09:00:00', 27000),
	(653700082, 56510044, 810012, '2025-05-15 10:15:00', 73000),
	(653700083, 56510046, 810007, '2025-05-15 11:30:00', 46000),
	(653700084, 56510048, NULL, '2025-05-15 12:45:00', 91000),
	(653700085, 56510050, 810031, '2025-05-15 14:00:00', 51000),
	(653700086, 56510052, 810028, '2025-05-16 08:00:00', 71000),
	(653700087, 56510054, NULL, '2025-05-16 09:15:00', 38000),
	(653700088, 56510056, 810003, '2025-05-16 10:30:00', 86000),
	(653700089, 56510058, 810001, '2025-05-16 11:45:00', 49000),
	(653700090, 56510060, NULL, '2025-05-16 13:00:00', 67000),
	(653700091, 56510062, 810015, '2025-05-17 08:30:00', 36000),
	(653700092, 56510064, 810001, '2025-05-17 09:45:00', 81000),
	(653700093, 56510066, NULL, '2025-05-17 11:00:00', 43000),
	(653700094, 56510068, 810003, '2025-05-17 12:15:00', 96000),
	(653700095, 56510070, 810008, '2025-05-17 13:30:00', 58000),
	(653700096, 56510072, NULL, '2025-05-18 09:00:00', 26000),
	(653700097, 56510074, 810014, '2025-05-18 10:15:00', 72000),
	(653700098, 56510076, 810021, '2025-05-18 11:30:00', 47000),
	(653700099, 56510078, NULL, '2025-05-18 12:45:00', 94000),
	(653700100, 56510080, 810027, '2025-05-18 14:00:00', 61000);

/*!40103 SET TIME_ZONE=IFNULL(@OLD_TIME_ZONE, 'system') */;
/*!40101 SET SQL_MODE=IFNULL(@OLD_SQL_MODE, '') */;
/*!40014 SET FOREIGN_KEY_CHECKS=IFNULL(@OLD_FOREIGN_KEY_CHECKS, 1) */;
/*!40101 SET CHARACTER_SET_CLIENT=@OLD_CHARACTER_SET_CLIENT */;
/*!40111 SET SQL_NOTES=IFNULL(@OLD_SQL_NOTES, 1) */;
